case,problem,cores,singlecore_makespan,makespan,speedup,added_copy_bytes,label,cache_hit_rate,parallelism,n_elig
case_001,1,2,233110,118087,1.9741,42624,v39_slack_mult4-slack0.35,0,181.2,600
case_001,1,3,233110,79845,2.9195,46080,v39_slack_mult4-slack0.35,0,181.2,600
case_001,1,4,233110,61847,3.7691,12672,v39_slack_mult4-slack0.4,0,181.2,600
case_001,1,5,233110,49915,4.6701,89856,v39_slack_mult4-slack0.35,0,181.2,600
case_001,2,2,233110,116868,1.9946,1152,v32_bandcomp_w4,0,181.2,600
case_001,2,3,233110,78545,2.9679,2304,v32_bandcomp_w4,0,181.2,600
case_001,2,4,233110,58984,3.9521,3456,v32_bandcomp_w4,0,181.2,600
case_001,2,5,233110,47502,4.9074,4608,v32_bandcomp_w4,0,181.2,600
case_001,3,2,233110,116868,1.9946,1152,v32_bandcomp_w4,0.0,181.2,600
case_001,3,3,233110,78545,2.9679,2304,v32_bandcomp_w4,0.0,181.2,600
case_001,3,4,233110,58984,3.9521,3456,v32_bandcomp_w4,0.0,181.2,600
case_001,3,5,233110,47502,4.9074,4608,v32_bandcomp_w4,0.0,181.2,600
case_002,1,2,261945,133697,1.9592,27648,v32_bandcomp_w16,0,77.4,1798
case_002,1,3,261945,91440,2.8647,35328,v33_bandref_w14,0,77.4,1798
case_002,1,4,261945,77246,3.391,179712,v33_bandref_w10,0,77.4,1798
case_002,1,5,261945,63803,4.1055,179712,v33_bandref_w10,0,77.4,1798
case_002,2,2,261945,128716,2.0351,787968,v32_bandcomp_w6,0,77.4,1798
case_002,2,3,261945,86497,3.0284,1016832,v32_bandcomp_w6,0,77.4,1798
case_002,2,4,261945,66212,3.9562,1181184,v32_bandcomp_w6,0,77.4,1798
case_002,2,5,261945,54049,4.8464,1222656,v32_bandcomp_w6,0,77.4,1798
case_002,3,2,261945,128716,2.0351,787968,v32_bandcomp_w6,0.17735220649458786,77.4,1798
case_002,3,3,261945,86497,3.0284,1016832,v32_bandcomp_w6,0.1819560272934041,77.4,1798
case_002,3,4,261945,66212,3.9562,1181184,v32_bandcomp_w6,0.23076923076923078,77.4,1798
case_002,3,5,261945,54049,4.8464,1222656,v32_bandcomp_w6,0.24,77.4,1798
case_003,1,2,602212,370910,1.6236,8736448,v32_bandcomp_w10,0,22.75,13455
case_003,1,3,602212,285099,2.1123,7576502,v33_bandref_w10,0,22.75,13455
case_003,1,4,602212,231201,2.6047,7576502,v33_bandref_w10,0,22.75,13455
case_003,1,5,602212,213624,2.819,7576502,v33_bandref_w10,0,22.75,13455
case_003,2,2,602212,304065,1.9805,2244310,v32_bandcomp_w10,0,22.75,13455
case_003,2,3,602212,210052,2.867,2574872,v32_bandcomp_w10,0,22.75,13455
case_003,2,4,602212,166816,3.61,4689442,v39_bseed_seed2-window10,0,22.75,13455
case_003,2,5,602212,150718,3.9956,5362144,v39_bseed_seed2-window10,0,22.75,13455
case_003,3,2,602212,303801,1.9823,2244310,v32_bandcomp_w10,0.16562281434018455,22.75,13455
case_003,3,3,602212,209986,2.8679,2574872,v32_bandcomp_w10,0.3322750313046524,22.75,13455
case_003,3,4,602212,164831,3.6535,4641626,v39_bseed_seed3-window10,0.3607130743858631,22.75,13455
case_003,3,5,602212,143427,4.1987,5475108,v39_bseed_seed3-window10,0.37407199749010717,22.75,13455
case_004,1,2,392357,203989,1.9234,466944,v31_grow_mv_m3,0,135.12,777
case_004,1,3,392357,142067,2.7618,718848,v31_grow_mv_m3,0,135.12,777
case_004,1,4,392357,115119,3.4083,924672,v31_grow_mv_m3,0,135.12,777
case_004,1,5,392357,107395,3.6534,1815552,v31_grow_m4_t10,0,135.12,777
case_004,2,2,392357,196032,2.0015,986112,v32_bandcomp_w4,0,135.12,777
case_004,2,3,392357,131412,2.9857,847872,v32_bandcomp_w4,0,135.12,777
case_004,2,4,392357,101428,3.8683,718848,v32_bandcomp_w4,0,135.12,777
case_004,2,5,392357,85091,4.611,599040,v32_bandcomp_w4,0,135.12,777
case_004,3,2,392357,196032,2.0015,986112,v32_bandcomp_w4,0.03987730061349693,135.12,777
case_004,3,3,392357,131412,2.9857,847872,v32_bandcomp_w4,0.0,135.12,777
case_004,3,4,392357,101428,3.8683,718848,v32_bandcomp_w4,0.006269592476489028,135.12,777
case_004,3,5,392357,85091,4.611,599040,v32_bandcomp_w4,0.021875,135.12,777
case_005,1,2,95618,71978,1.3284,1475416,v35_bandref_w16,0,12.61,4113
case_005,1,3,95618,61202,1.5623,1765502,v33_bandref_w14,0,12.61,4113
case_005,1,4,95618,58265,1.6411,1765502,v36_cross_p1_from_p2,0,12.61,4113
case_005,1,5,95618,56931,1.6795,1765502,v36_cross_p1_from_p2,0,12.61,4113
case_005,2,2,95618,58804,1.626,825574,v35_bandref_w6,0,12.61,4113
case_005,2,3,95618,51009,1.8745,995340,v36_cross_p2_from_p1,0,12.61,4113
case_005,2,4,95618,49369,1.9368,1214802,v39_bseed_seed2-window14,0,12.61,4113
case_005,2,5,95618,47668,2.0059,1332372,v39_bseed_seed1-window14,0,12.61,4113
case_005,3,2,95618,58804,1.626,825574,v35_bandref_w6,0.15148490835864187,12.61,4113
case_005,3,3,95618,50934,1.8773,995340,v36_cross_p3_from_p1,0.2589865517979591,12.61,4113
case_005,3,4,95618,48388,1.9761,1278960,v36_cross_p3_from_p1,0.28502027764918686,12.61,4113
case_005,3,5,95618,46765,2.0446,1359348,v39_bseed_seed4-window14,0.26951146560319045,12.61,4113
case_006,1,2,82837,46329,1.788,91292,v32_bandcomp_w16,0,17.46,678
case_006,1,3,82837,32154,2.5763,91292,v32_bandcomp_w16,0,17.46,678
case_006,1,4,82837,31034,2.6692,805168,v36_cross_p1_from_p2,0,17.46,678
case_006,1,5,82837,28795,2.8768,805168,v35_bandref_w6,0,17.46,678
case_006,2,2,82837,39344,2.1055,134532,v39_btol_tol0.2-window14,0,17.46,678
case_006,2,3,82837,28358,2.9211,542088,v35_bandref_w6,0,17.46,678
case_006,2,4,82837,22652,3.6569,414944,v35_bandref_w6,0,17.46,678
case_006,2,5,82837,20772,3.9879,442716,v36_cross_p2_from_p1,0,17.46,678
case_006,3,2,82837,39344,2.1055,134532,v39_btol_tol0.2-window14,0.005644679203865037,17.46,678
case_006,3,3,82837,27584,3.0031,542088,v35_bandref_w6,0.3434152667733895,17.46,678
case_006,3,4,82837,22260,3.7213,414944,v35_bandref_w6,0.20081502018942707,17.46,678
case_006,3,5,82837,19816,4.1803,466532,v35_bandref_w6,0.18088260141621737,17.46,678
case_007,1,2,1012562,520910,1.9438,211968,v31_grow_m4_t10,0,661.57,3885
case_007,1,3,1012562,355682,2.8468,317952,v31_grow_m4_t10,0,661.57,3885
case_007,1,4,1012562,272618,3.7142,423936,v31_grow_m4_t10,0,661.57,3885
case_007,1,5,1012562,223182,4.5369,520704,v31_grow_m4_t10,0,661.57,3885
case_007,2,2,1012562,490534,2.0642,2935296,v32_bandcomp_w4,0,661.57,3885
case_007,2,3,1012562,326994,3.0966,2709504,v32_bandcomp_w4,0,661.57,3885
case_007,2,4,1012562,246058,4.1151,2488320,v32_bandcomp_w4,0,661.57,3885
case_007,2,5,1012562,197052,5.1386,2260992,v32_bandcomp_w4,0,661.57,3885
case_007,3,2,1012562,490534,2.0642,2935296,v32_bandcomp_w4,0.004551365409622887,661.57,3885
case_007,3,3,1012562,326994,3.0966,2709504,v32_bandcomp_w4,0.0,661.57,3885
case_007,3,4,1012562,246058,4.1151,2488320,v32_bandcomp_w4,0.014174344436569808,661.57,3885
case_007,3,5,1012562,197052,5.1386,2260992,v32_bandcomp_w4,0.0,661.57,3885
case_008,1,2,487605,247167,1.9728,73728,v39_slack_mult4-slack0.35,0,80.49,864
case_008,1,3,487605,161070,3.0273,6164352,v10_level_m4,0,80.49,864
case_008,1,4,487605,125732,3.8781,0,v31_grow_m4,0,80.49,864
case_008,1,5,487605,113532,4.2949,0,v31_grow_mv_m8,0,80.49,864
case_008,2,2,487605,136244,3.5789,3538944,v32_bandcomp_w4,0,80.49,864
case_008,2,3,487605,110229,4.4236,3317760,v32_bandcomp_w4,0,80.49,864
case_008,2,4,487605,104264,4.6766,3096576,v32_bandcomp_w4,0,80.49,864
case_008,2,5,487605,98514,4.9496,2949120,v32_bandcomp_w4,0,80.49,864
case_008,3,2,487605,136244,3.5789,3538944,v32_bandcomp_w4,0.0,80.49,864
case_008,3,3,487605,110229,4.4236,3317760,v32_bandcomp_w4,0.0,80.49,864
case_008,3,4,487605,104264,4.6766,3096576,v32_bandcomp_w4,0.0,80.49,864
case_008,3,5,487605,98514,4.9496,2949120,v32_bandcomp_w4,0.0,80.49,864
case_009,1,2,153261,113958,1.3449,621076,v33_bandref_w20,0,15.31,5671
case_009,1,3,153261,90713,1.6895,817144,v33_bandref_w14,0,15.31,5671
case_009,1,4,153261,81033,1.8913,817144,v33_bandref_w14,0,15.31,5671
case_009,1,5,153261,73878,2.0745,817144,v36_cross_p1_from_p2,0,15.31,5671
case_009,2,2,153261,90627,1.6911,473122,v34_bandref_w8,0,15.31,5671
case_009,2,3,153261,70042,2.1881,581760,v34_bandref_w8,0,15.31,5671
case_009,2,4,153261,62059,2.4696,871098,v34_bandref_w10_s1,0,15.31,5671
case_009,2,5,153261,55929,2.7403,589058,v33_bandref_w14,0,15.31,5671
case_009,3,2,153261,90617,1.6913,473122,v34_bandref_w8,0.18600034161206236,15.31,5671
case_009,3,3,153261,70037,2.1883,581760,v34_bandref_w8,0.2269291475074812,15.31,5671
case_009,3,4,153261,61492,2.4924,871098,v34_bandref_w10_s1,0.2136605206896029,15.31,5671
case_009,3,5,153261,55819,2.7457,589058,v33_bandref_w14,0.24263484699429963,15.31,5671
case_010,1,2,86969,51668,1.6832,401440,v11_grow_m10_t0.1,0,25.5,667
case_010,1,3,86969,35597,2.4432,1013384,v34_bandref_w18,0,25.5,667
case_010,1,4,86969,29789,2.9195,614440,v33_bandref_w10,0,25.5,667
case_010,1,5,86969,26805,3.2445,822760,v36_cross_p1_from_p2,0,25.5,667
case_010,2,2,86969,44595,1.9502,24960,v33_bandref_w20,0,25.5,667
case_010,2,3,86969,30352,2.8653,276280,v35_bandref_w6,0,25.5,667
case_010,2,4,86969,24967,3.4834,376772,v35_bandref_w6,0,25.5,667
case_010,2,5,86969,21374,4.0689,437196,v35_bandref_w6,0,25.5,667
case_010,3,2,86969,44595,1.9502,24960,v33_bandref_w20,0.05371261981536287,25.5,667
case_010,3,3,86969,30352,2.8653,276280,v35_bandref_w6,0.315542098178458,25.5,667
case_010,3,4,86969,24967,3.4834,376772,v35_bandref_w6,0.3478642802240035,25.5,667
case_010,3,5,86969,20574,4.2271,437196,v36_cross_p3_from_p1,0.456236520028484,25.5,667
case_011,1,2,184697,93168,1.9824,540672,,,59.09,688
case_011,1,3,184697,67244,2.7467,1785856,v25_grow_m4_t10,0,59.09,688
case_011,1,4,184697,46880,3.9398,540672,,,59.09,688
case_011,1,5,184697,46915,3.9368,630784,,,59.09,688
case_011,2,2,184697,92646,1.9936,180224,,,59.09,688
case_011,2,3,184697,63008,2.9313,1499136,v39_bseed_seed3-window14,0,59.09,688
case_011,2,4,184697,46880,3.9398,540672,,,59.09,688
case_011,2,5,184697,42907,4.3046,1898496,v39_bseed_seed2-window14,0,59.09,688
case_011,3,2,184697,92646,1.9936,180224,,0.0,59.09,688
case_011,3,3,184697,63008,2.9313,1499136,v39_bseed_seed3-window14,0.4106280193236715,59.09,688
case_011,3,4,184697,46880,3.9398,540672,,0.0,59.09,688
case_011,3,5,184697,38462,4.8021,1966080,v35_bandref_w6,0.5629432624113475,59.09,688
case_012,1,2,59088,30833,1.9164,82948,v31_grow_count_m4,0,23.24,972
case_012,1,3,59088,25139,2.3505,101376,v33_bandref_w20,0,23.24,972
case_012,1,4,59088,19811,2.9826,51716,grow_m8,,23.24,972
case_012,1,5,59088,17054,3.4648,55812,grow_m6,,23.24,972
case_012,2,2,59088,26740,2.2097,151318,v35_bandref_w6,0,23.24,972
case_012,2,3,59088,18578,3.1805,210394,v35_bandref_w6,0,23.24,972
case_012,2,4,59088,14523,4.0686,43804,v33_bandref_w14,0,23.24,972
case_012,2,5,59088,12755,4.6325,29968,v32_bandcomp_w16,0,23.24,972
case_012,3,2,59088,26740,2.2097,151318,v35_bandref_w6,0.13337636971562883,23.24,972
case_012,3,3,59088,18398,3.2117,210394,v35_bandref_w6,0.15305127827419662,23.24,972
case_012,3,4,59088,14523,4.0686,43804,v33_bandref_w14,0.08292699560132301,23.24,972
case_012,3,5,59088,12533,4.7146,331794,v35_bandref_w6,0.23264988197018388,23.24,972
case_013,1,2,263949,134579,1.9613,36864,v16_level_m2,0,611.08,1968
case_013,1,3,263949,89873,2.9369,65536,v31_grow_mv_m3,0,611.08,1968
case_013,1,4,263949,70154,3.7624,184320,v31_grow_mv_m6,0,611.08,1968
case_013,1,5,263949,55471,4.7583,73728,v31_grow_mv_m3,0,611.08,1968
case_013,2,2,263949,132198,1.9966,8192,v32_bandcomp_w4,0,611.08,1968
case_013,2,3,263949,88351,2.9875,16384,v32_bandcomp_w4,0,611.08,1968
case_013,2,4,263949,66982,3.9406,24576,v32_bandcomp_w4,0,611.08,1968
case_013,2,5,263949,54363,4.8553,32768,v32_bandcomp_w4,0,611.08,1968
case_013,3,2,263949,132198,1.9966,8192,v32_bandcomp_w4,0.0,611.08,1968
case_013,3,3,263949,88351,2.9875,16384,v32_bandcomp_w4,0.0,611.08,1968
case_013,3,4,263949,66982,3.9406,24576,v32_bandcomp_w4,0.0,611.08,1968
case_013,3,5,263949,54231,4.8671,110592,v31_grow_mv_m6,0.011730205278592375,611.08,1968
case_014,1,2,17698626,9178597,1.9282,166096956,v32_bandcomp_w16,0,548.86,35705
case_014,1,3,17698626,6186376,2.8609,166096956,v32_bandcomp_w16,0,548.86,35705
case_014,1,4,17698626,4732038,3.7402,166083592,v39_bseed_seed2-window14,0,548.86,35705
case_014,1,5,17698626,3798576,4.6593,166083592,v39_bseed_seed4-window14,0,548.86,35705
case_014,2,2,17698626,8785053,2.0146,61824904,v39_bseed_seed4-window14,0,548.86,35705
case_014,2,3,17698626,5841428,3.0298,64310088,v34_bandref_w8,0,548.86,35705
case_014,2,4,17698626,4504023,3.9295,82277688,v33_bandref_w10,0,548.86,35705
case_014,2,5,17698626,3626189,4.8808,77382540,v34_bandref_w8,0,548.86,35705
case_014,3,2,17698626,8746854,2.0234,61241224,v39_bseed_seed3-window14,0.38497997639941045,548.86,35705
case_014,3,3,17698626,5829606,3.036,64310088,v34_bandref_w8,0.40748521563573403,548.86,35705
case_014,3,4,17698626,4451132,3.9762,82277688,v33_bandref_w10,0.500971081958261,548.86,35705
case_014,3,5,17698626,3593531,4.9251,91587400,v39_bseed_seed1-window14,0.5334595188547331,548.86,35705
case_015,1,2,177362,94416,1.8785,917524,grow_m5,,22.23,1013
case_015,1,3,177362,63762,2.7816,917532,v15_growcnt_m4,0,22.23,1013
case_015,1,4,177362,52343,3.3885,901636,v33_bandref_w20,0,22.23,1013
case_015,1,5,177362,44298,4.0038,1284642,v27_grow_count_m6,0,22.23,1013
case_015,2,2,177362,86837,2.0425,109876,v39_bseed_seed1-window14,0,22.23,1013
case_015,2,3,177362,61123,2.9017,219652,v33_bandref_w20,0,22.23,1013
case_015,2,4,177362,49626,3.574,231172,v33_bandref_w20,0,22.23,1013
case_015,2,5,177362,40870,4.3397,696832,v33_bandref_w20,0,22.23,1013
case_015,3,2,177362,86837,2.0425,109876,v39_bseed_seed1-window14,0.11045003077442947,22.23,1013
case_015,3,3,177362,59697,2.971,219652,v33_bandref_w20,0.16925512529299033,22.23,1013
case_015,3,4,177362,47318,3.7483,804656,v33_bandref_w10,0.14858152672956185,22.23,1013
case_015,3,5,177362,38557,4.6,324896,v33_bandref_w14,0.07895733452845384,22.23,1013
case_016,1,2,7715523,5376062,1.4352,119560208,v32_bandcomp_w4,0,6.68,17995
case_016,1,3,7715523,4697398,1.6425,119560208,v32_bandcomp_w4,0,6.68,17995
case_016,1,4,7715523,4232514,1.8229,119560208,v32_bandcomp_w4,0,6.68,17995
case_016,1,5,7715523,4300043,1.7943,119560208,v32_bandcomp_w4,0,6.68,17995
case_016,2,2,7715523,4033808,1.9127,401752,v32_bandcomp_w4,0,6.68,17995
case_016,2,3,7715523,2878019,2.6808,798624,v32_bandcomp_w4,0,6.68,17995
case_016,2,4,7715523,2240574,3.4435,1194276,v32_bandcomp_w4,0,6.68,17995
case_016,2,5,7715523,2239587,3.4451,1589928,v32_bandcomp_w4,0,6.68,17995
case_016,3,2,7715523,4033396,1.9129,401752,v32_bandcomp_w4,0.49730112558492473,6.68,17995
case_016,3,3,7715523,2877997,2.6809,798624,v32_bandcomp_w4,0.6637520409127097,6.68,17995
case_016,3,4,7715523,2240287,3.444,1194276,v32_bandcomp_w4,0.7472980892026089,6.68,17995
case_016,3,5,7715523,2239212,3.4456,1589928,v32_bandcomp_w4,0.7974670466906917,6.68,17995
case_017,1,2,162810,83471,1.9505,295948,v31_grow_count_m8,0,26.54,1373
case_017,1,3,162810,63354,2.5698,588672,v33_bandref_w20,0,26.54,1373
case_017,1,4,162810,44407,3.6663,295948,v31_grow_count_m4,0,26.54,1373
case_017,1,5,162810,40661,4.0041,588720,v36_cross_p1_from_p2,0,26.54,1373
case_017,2,2,162810,67440,2.4141,87552,v33_bandref_w20,0,26.54,1373
case_017,2,3,162810,46412,3.5079,172800,v33_bandref_w20,0,26.54,1373
case_017,2,4,162810,36667,4.4402,256928,v35_bandref_w16,0,26.54,1373
case_017,2,5,162810,30331,5.3678,335268,v35_bandref_w16,0,26.54,1373
case_017,3,2,162810,67440,2.4141,87552,v33_bandref_w20,0.022201165946649108,26.54,1373
case_017,3,3,162810,46365,3.5115,172800,v33_bandref_w20,0.10523252693108524,26.54,1373
case_017,3,4,162810,36609,4.4473,256928,v35_bandref_w16,0.10714745653573728,26.54,1373
case_017,3,5,162810,29450,5.5284,335268,v35_bandref_w16,0.10279789698150667,26.54,1373
case_018,1,2,1004367,518713,1.9363,9494532,v24_grow_count_m6,0,159.05,2727
case_018,1,3,1004367,359039,2.7974,9142276,v25_grow_count_m6,0,159.05,2727
case_018,1,4,1004367,276512,3.6323,10317632,v35_bandref_w16,0,159.05,2727
case_018,1,5,1004367,216979,4.6289,6123520,grow_m8_tol0.15,,159.05,2727
case_018,2,2,1004367,509623,1.9708,3298336,v33_bandref_w14,0,159.05,2727
case_018,2,3,1004367,344120,2.9187,2530816,v39_bseed_seed2-window14,0,159.05,2727
case_018,2,4,1004367,259996,3.863,5176412,v33_bandref_w14,0,159.05,2727
case_018,2,5,1004367,208205,4.8239,5017088,v39_bseed_seed2-window14,0,159.05,2727
case_018,3,2,1004367,507834,1.9777,3298336,v33_bandref_w14,0.5271605558332105,159.05,2727
case_018,3,3,1004367,343290,2.9257,4352068,v33_bandref_w14,0.611359505393178,159.05,2727
case_018,3,4,1004367,259102,3.8763,5176412,v33_bandref_w14,0.6426516828857364,159.05,2727
case_018,3,5,1004367,206965,4.8528,5017088,v39_bseed_seed2-window14,0.6538140150752262,159.05,2727
case_019,1,2,81144,41550,1.9529,24576,v24_grow_mv_m6,0,6.29,647
case_019,1,3,81144,29029,2.7953,203264,v31_grow_count_m4_t10,0,6.29,647
case_019,1,4,81144,24669,3.2893,285472,v31_grow_count_m6,0,6.29,647
case_019,1,5,81144,20063,4.0445,310408,v35_bandref_w24,0,6.29,647
case_019,2,2,81144,38721,2.0956,141900,v35_bandref_w6,0,6.29,647
case_019,2,3,81144,25896,3.1335,257636,v35_bandref_w6,0,6.29,647
case_019,2,4,81144,20464,3.9652,317072,v34_bandref_w8,0,6.29,647
case_019,2,5,81144,16462,4.9292,247684,v11_grow_m10_t0.35,0,6.29,647
case_019,3,2,81144,38721,2.0956,141900,v35_bandref_w6,0.13911180858738742,6.29,647
case_019,3,3,81144,25896,3.1335,257636,v35_bandref_w6,0.23874453305891433,6.29,647
case_019,3,4,81144,20464,3.9652,317072,v34_bandref_w8,0.18282008393962093,6.29,647
case_019,3,5,81144,16462,4.9292,247684,v11_grow_m10_t0.35,0.327397,6.29,647
case_020,1,2,532746,280249,1.901,81920,v39_slack_mult4-slack0.4,0,156.92,7008
case_020,1,3,532746,194114,2.7445,131072,v31_grow_m6,0,156.92,7008
case_020,1,4,532746,148838,3.5794,499712,v36_cross_p1_from_p2,0,156.92,7008
case_020,1,5,532746,123875,4.3007,688128,v31_grow_m8,0,156.92,7008
case_020,2,2,532746,278019,1.9162,765952,v39_passes_mult4-passes2,0,156.92,7008
case_020,2,3,532746,192480,2.7678,81920,v31_grow_m6,0,156.92,7008
case_020,2,4,532746,143073,3.7236,348160,v31_grow_m8,0,156.92,7008
case_020,2,5,532746,110207,4.834,290816,v39_slack_mult4-slack0.35,0,156.92,7008
case_020,3,2,532746,277995,1.9164,765952,v39_passes_mult4-passes2,0.005221932114882507,156.92,7008
case_020,3,3,532746,192480,2.7678,81920,v31_grow_m6,0.013333333333333334,156.92,7008
case_020,3,4,532746,143073,3.7236,348160,v31_grow_m8,0.03273809523809524,156.92,7008
case_020,3,5,532746,110207,4.834,290816,v39_slack_mult4-slack0.35,0.021406727828746176,156.92,7008
case_021,1,2,6567937,3102580,2.1169,10752000,,,1029.91,3920
case_021,1,3,6567937,2095636,3.1341,10496000,v25_grow_m3,0,1029.91,3920
case_021,1,4,6567937,1552748,4.2299,10752000,,,1029.91,3920
case_021,1,5,6567937,1283116,5.1187,18124800,v32_bandcomp_w10,0,1029.91,3920
case_021,2,2,6567937,3129760,2.0985,4763648,v39_bseed_seed3-window10,0,1029.91,3920
case_021,2,3,6567937,2091269,3.1406,7634944,v35_bandref_w6,0,1029.91,3920
case_021,2,4,6567937,1550324,4.2365,4608000,v32_bandcomp_w10,0,1029.91,3920
case_021,2,5,6567937,1246423,5.2694,10776576,v35_bandref_w6,0,1029.91,3920
case_021,3,2,6567937,3129656,2.0986,4763648,v39_bseed_seed3-window10,0.22324510932105868,1029.91,3920
case_021,3,3,6567937,2089642,3.1431,7634944,v35_bandref_w6,0.5493406093678945,1029.91,3920
case_021,3,4,6567937,1550324,4.2365,4608000,v32_bandcomp_w10,0.0,1029.91,3920
case_021,3,5,6567937,1245225,5.2745,10776576,v35_bandref_w6,0.6796320206584894,1029.91,3920
case_022,1,2,56780,30227,1.8785,0,grow_m8,,15.57,1356
case_022,1,3,56780,21524,2.638,60448,v34_bandref_w18,0,15.57,1356
case_022,1,4,56780,16295,3.4845,27648,v35_bandref_w32,0,15.57,1356
case_022,1,5,56780,13185,4.3064,60440,v33_bandref_w20,0,15.57,1356
case_022,2,2,56780,27959,2.0308,473936,v35_bandref_w6,0,15.57,1356
case_022,2,3,56780,18729,3.0317,380516,v35_bandref_w6,0,15.57,1356
case_022,2,4,56780,14603,3.8882,53524,v33_bandref_w20,0,15.57,1356
case_022,2,5,56780,11866,4.7851,33028,v35_bandref_w24,0,15.57,1356
case_022,3,2,56780,27959,2.0308,473936,v35_bandref_w6,0.25184610310238453,15.57,1356
case_022,3,3,56780,18729,3.0317,380516,v35_bandref_w6,0.3078915167870732,15.57,1356
case_022,3,4,56780,14342,3.959,413304,v34_bandref_w8,0.23543640395081636,15.57,1356
case_022,3,5,56780,11685,4.8592,376436,v34_bandref_w8,0.2330599230346344,15.57,1356
case_023,1,2,122614,64420,1.9034,0,,,26.73,1011
case_023,1,3,122614,46683,2.6265,196608,,,26.73,1011
case_023,1,4,122614,36278,3.3798,478180,v35_bandref_w24,0,26.73,1011
case_023,1,5,122614,29235,4.1941,443912,v27_grow_mv_m8,0,26.73,1011
case_023,2,2,122614,54324,2.2571,1006452,v32_bandcomp_w4,0,26.73,1011
case_023,2,3,122614,40131,3.0553,324180,v35_bandref_w16,0,26.73,1011
case_023,2,4,122614,31243,3.9245,447472,v35_bandref_w16,0,26.73,1011
case_023,2,5,122614,25671,4.7764,295360,v34_bandref_w18,0,26.73,1011
case_023,3,2,122614,54289,2.2585,1006452,v32_bandcomp_w4,0.12720290670740345,26.73,1011
case_023,3,3,122614,39342,3.1166,1116548,v32_bandcomp_w4,0.23456526532798044,26.73,1011
case_023,3,4,122614,31243,3.9245,447472,v35_bandref_w16,0.14429085683922196,26.73,1011
case_023,3,5,122614,24938,4.9168,295360,v34_bandref_w18,0.1194931164820094,26.73,1011
case_024,1,2,2555343,1782398,1.4337,39329048,v32_bandcomp_w4,0,6.68,5959
case_024,1,3,2555343,1556206,1.642,39329048,v32_bandcomp_w4,0,6.68,5959
case_024,1,4,2555343,1401810,1.8229,39329048,v32_bandcomp_w4,0,6.68,5959
case_024,1,5,2555343,1424255,1.7942,39329048,v32_bandcomp_w4,0,6.68,5959
case_024,2,2,2555343,1336724,1.9116,396040,v32_bandcomp_w4,0,6.68,5959
case_024,2,3,2555343,953823,2.6791,790464,v32_bandcomp_w4,0,6.68,5959
case_024,2,4,2555343,743418,3.4373,1184484,v32_bandcomp_w4,0,6.68,5959
case_024,2,5,2555343,743820,3.4354,1578504,v32_bandcomp_w4,0,6.68,5959
case_024,3,2,2555343,1336312,1.9122,396040,v32_bandcomp_w4,0.49910388350993345,6.68,5959
case_024,3,3,2555343,953801,2.6791,790464,v32_bandcomp_w4,0.6656985403634197,6.68,5959
case_024,3,4,2555343,743131,3.4386,1184484,v32_bandcomp_w4,0.7491027003419071,6.68,5959
case_024,3,5,2555343,743445,3.4372,1578504,v32_bandcomp_w4,0.7991589212250495,6.68,5959
case_025,1,2,4863026,2462594,1.9748,168960,v39_slack_mult4-slack0.35,0,3177.9,18662
case_025,1,3,4863026,1806976,2.6913,16948224,v12_level_m4,0,3177.9,18662
case_025,1,4,4863026,1462298,3.3256,414720,v39_slack_mult4-slack0.2,0,3177.9,18662
case_025,1,5,4863026,1171904,4.1497,511488,v39_slack_mult4-slack0.2,0,3177.9,18662
case_025,2,2,4863026,2431840,1.9997,27648,v32_bandcomp_w6,0,3177.9,18662
case_025,2,3,4863026,1622164,2.9979,55296,v32_bandcomp_w6,0,3177.9,18662
case_025,2,4,4863026,1217444,3.9945,82944,v32_bandcomp_w6,0,3177.9,18662
case_025,2,5,4863026,975282,4.9863,110592,v32_bandcomp_w6,0,3177.9,18662
case_025,3,2,4863026,2431840,1.9997,27648,v32_bandcomp_w6,0.0,3177.9,18662
case_025,3,3,4863026,1622164,2.9979,55296,v32_bandcomp_w6,0.0,3177.9,18662
case_025,3,4,4863026,1217444,3.9945,82944,v32_bandcomp_w6,0.0,3177.9,18662
case_025,3,5,4863026,975282,4.9863,110592,v32_bandcomp_w6,0.0,3177.9,18662
case_026,1,2,99203,58568,1.6938,1359884,v24_grow_count_m8,0,15.85,636
case_026,1,3,99203,42398,2.3398,424488,v35_bandref_w16,0,15.85,636
case_026,1,4,99203,42949,2.3098,655396,v33_bandref_w14,0,15.85,636
case_026,1,5,99203,43714,2.2694,655396,v33_bandref_w14,0,15.85,636
case_026,2,2,99203,50721,1.9559,72612,v35_bandref_w32,0,15.85,636
case_026,2,3,99203,40083,2.4749,294476,v35_bandref_w6,0,15.85,636
case_026,2,4,99203,41734,2.377,531588,v35_bandref_w6,0,15.85,636
case_026,2,5,99203,43839,2.2629,725488,v32_bandcomp_w16,0,15.85,636
case_026,3,2,99203,50721,1.9559,72612,v35_bandref_w32,0.004650314580103948,15.85,636
case_026,3,3,99203,40044,2.4773,294476,v35_bandref_w6,0.1472341714292124,15.85,636
case_026,3,4,99203,41409,2.3957,531588,v35_bandref_w6,0.1442270112069514,15.85,636
case_026,3,5,99203,43562,2.2773,725488,v32_bandcomp_w16,0.20258295205057975,15.85,636
case_027,1,2,2363952,1116984,2.1164,3317760,,,83.71,1424
case_027,1,3,2363952,767870,3.0786,6316032,v33_bandref_w20,0,83.71,1424
case_027,1,4,2363952,559196,4.2274,3317760,,,83.71,1424
case_027,1,5,2363952,471684,5.0117,6316032,v33_bandref_w20,0,83.71,1424
case_027,2,2,2363952,1115722,2.1188,1105920,v33_bandref_w10,0,83.71,1424
case_027,2,3,2363952,744579,3.1749,5228544,v33_bandref_w10,0,83.71,1424
case_027,2,4,2363952,559196,4.2274,3317760,,,83.71,1424
case_027,2,5,2363952,448117,5.2753,8226816,v35_bandref_w6,0,83.71,1424
case_027,3,2,2363952,1115722,2.1188,1105920,v33_bandref_w10,0.0,83.71,1424
case_027,3,3,2363952,744579,3.1749,5228544,v33_bandref_w10,0.4682306940371456,83.71,1424
case_027,3,4,2363952,559196,4.2274,3317760,,0.0,83.71,1424
case_027,3,5,2363952,448117,5.2753,8226816,v35_bandref_w6,0.4259128386336867,83.71,1424
case_028,1,2,43836040,20813023,2.1062,336674304,v35_bandref_w32,0,159.64,19584
case_028,1,3,43836040,13851481,3.1647,125468928,v17_wave_w2,0,159.64,19584
case_028,1,4,43836040,11216066,3.9083,336674304,v35_bandref_w32,0,159.64,19584
case_028,1,5,43836040,9255892,4.736,211875840,v17_wave_w1,0,159.64,19584
case_028,2,2,43836040,20205774,2.1695,46591104,v35_bandref_w6,0,159.64,19584
case_028,2,3,43836040,13636185,3.2147,23503104,v35_bandref_w6,0,159.64,19584
case_028,2,4,43836040,10079626,4.349,70114176,v35_bandcomp_w2,0,159.64,19584
case_028,2,5,43836040,8072296,5.4304,71821824,v35_bandcomp_w2,0,159.64,19584
case_028,3,2,43836040,20203673,2.1697,46591104,v35_bandref_w6,0.07410127580085318,159.64,19584
case_028,3,3,43836040,13621608,3.2181,48077568,v34_bandref_w8,0.6448590914940162,159.64,19584
case_028,3,4,43836040,10050141,4.3617,70114176,v35_bandcomp_w2,0.16046868483562712,159.64,19584
case_028,3,5,43836040,8045101,5.4488,71821824,v35_bandcomp_w2,0.19932518945476957,159.64,19584
case_029,1,2,37555,19918,1.8855,0,,,73.55,861
case_029,1,3,37555,14189,2.6468,0,,,73.55,861
case_029,1,4,37555,11028,3.4054,0,,,73.55,861
case_029,1,5,37555,10087,3.7231,0,,,73.55,861
case_029,2,2,37555,18906,1.9864,344148,v32_bandcomp_w6,0,73.55,861
case_029,2,3,37555,12743,2.9471,0,grow_m6,,73.55,861
case_029,2,4,37555,10888,3.4492,65592,v39_slack_mult4-slack0.25,0,73.55,861
case_029,2,5,37555,9166,4.0972,92280,v27_grow_m8,0,73.55,861
case_029,3,2,37555,18906,1.9864,344148,v32_bandcomp_w6,0.0,73.55,861
case_029,3,3,37555,12743,2.9471,0,grow_m6,0.0,73.55,861
case_029,3,4,37555,10370,3.6215,172200,v35_bandref_w6,0.3998438110113237,73.55,861
case_029,3,5,37555,8695,4.3191,92280,v27_grow_m8,0.263084,73.55,861
case_030,1,2,2808034,1524015,1.8425,26935296,v32_bandcomp_w16,0,1508.58,10070
case_030,1,3,2808034,1018410,2.7573,26935296,v32_bandcomp_w16,0,1508.58,10070
case_030,1,4,2808034,767065,3.6608,26935336,v33_bandref_w10,0,1508.58,10070
case_030,1,5,2808034,617661,4.5462,26935336,v33_bandref_w10,0,1508.58,10070
case_030,2,2,2808034,1404205,1.9997,5262336,v39_bseed_seed2-window14,0,1508.58,10070
case_030,2,3,2808034,934338,3.0054,6862848,v39_bseed_seed3-window14,0,1508.58,10070
case_030,2,4,2808034,699911,4.012,8316928,v32_bandcomp_w16,0,1508.58,10070
case_030,2,5,2808034,561027,5.0052,9499648,v39_bseed_seed1-window14,0,1508.58,10070
case_030,3,2,2808034,1403443,2.0008,5262336,v39_bseed_seed2-window14,0.6791064740502942,1508.58,10070
case_030,3,3,2808034,934050,3.0063,6862848,v39_bseed_seed3-window14,0.7319393738245381,1508.58,10070
case_030,3,4,2808034,699807,4.0126,8316928,v32_bandcomp_w16,0.7647002581508748,1508.58,10070
case_030,3,5,2808034,560587,5.0091,9499648,v39_bseed_seed1-window14,0.7859479938005856,1508.58,10070
case_031,1,2,1414369,737611,1.9175,13588184,v35_bandref_w32,0,96.91,6135
case_031,1,3,1414369,493166,2.8679,13588184,v35_bandref_w32,0,96.91,6135
case_031,1,4,1414369,373445,3.7874,13588184,v36_cross_p1_from_p2,0,96.91,6135
case_031,1,5,1414369,304968,4.6378,13588184,v35_bandref_w32,0,96.91,6135
case_031,2,2,1414369,710036,1.992,6286138,v34_bandref_w8,0,96.91,6135
case_031,2,3,1414369,477211,2.9638,7583448,v36_cross_p2_from_p1,0,96.91,6135
case_031,2,4,1414369,360623,3.922,8092064,v35_bandref_w32,0,96.91,6135
case_031,2,5,1414369,293732,4.8152,8643172,v35_bandref_w16,0,96.91,6135
case_031,3,2,1414369,708859,1.9953,6286138,v34_bandref_w8,0.43603918178805345,96.91,6135
case_031,3,3,1414369,477061,2.9648,7583448,v36_cross_p3_from_p1,0.47654198951222776,96.91,6135
case_031,3,4,1414369,359789,3.9311,8092064,v35_bandref_w32,0.4648131042106635,96.91,6135
case_031,3,5,1414369,290702,4.8654,8643172,v35_bandref_w16,0.5451495891505539,96.91,6135
case_032,1,2,41443,20898,1.9831,18516,v39_slack_mult2-slack0.25,0,25.07,827
case_032,1,3,41443,14781,2.8038,137216,v15_growcnt_m4,0,25.07,827
case_032,1,4,41443,12723,3.2573,108560,v15_growcnt_m4,0,25.07,827
case_032,1,5,41443,11657,3.5552,92400,v39_btol_tol0.4-window14,0,25.07,827
case_032,2,2,41443,17688,2.343,6264,v33_bandref_w14,0,25.07,827
case_032,2,3,41443,12264,3.3792,12416,v33_bandref_w14,0,25.07,827
case_032,2,4,41443,9792,4.2323,18656,v33_bandref_w14,0,25.07,827
case_032,2,5,41443,9742,4.2541,162128,v33_bandref_w10,0,25.07,827
case_032,3,2,41443,17688,2.343,6264,v33_bandref_w14,0.021780263213219526,25.07,827
case_032,3,3,41443,12264,3.3792,12416,v33_bandref_w14,0.042394972971489725,25.07,827
case_032,3,4,41443,9792,4.2323,18656,v33_bandref_w14,0.06238329997447711,25.07,827
case_032,3,5,41443,9283,4.4644,311540,v35_bandref_w6,0.3062960210250477,25.07,827
case_033,1,2,1774196,916637,1.9355,13219512,v36_cross_p1_from_p2,0,284.01,3465
case_033,1,3,1774196,615816,2.881,13219512,v33_bandref_w10,0,284.01,3465
case_033,1,4,1774196,464769,3.8174,13219512,v36_cross_p1_from_p2,0,284.01,3465
case_033,1,5,1774196,377937,4.6944,13219512,v36_cross_p1_from_p2,0,284.01,3465
case_033,2,2,1774196,895402,1.9815,6654512,v36_cross_p2_from_p1,0,284.01,3465
case_033,2,3,1774196,603439,2.9401,7267400,v33_bandref_w10,0,284.01,3465
case_033,2,4,1774196,454565,3.9031,7787124,v33_bandref_w10,0,284.01,3465
case_033,2,5,1774196,371357,4.7776,8362648,v36_cross_p2_from_p1,0,284.01,3465
case_033,3,2,1774196,894292,1.9839,6654512,v36_cross_p3_from_p1,0.30712596655239766,284.01,3465
case_033,3,3,1774196,601145,2.9514,7242836,v36_cross_p3_from_p1,0.42168185402410363,284.01,3465
case_033,3,4,1774196,453608,3.9113,7787124,v33_bandref_w10,0.36181943996394805,284.01,3465
case_033,3,5,1774196,370731,4.7857,8362648,v36_cross_p3_from_p1,0.38072153588418156,284.01,3465
case_034,1,2,842996,456410,1.847,6690316,v33_bandref_w20,0,213.79,3745
case_034,1,3,842996,306548,2.75,6702632,v35_bandref_w16,0,213.79,3745
case_034,1,4,842996,234138,3.6004,6728256,v33_bandref_w14,0,213.79,3745
case_034,1,5,842996,196394,4.2924,6690316,v33_bandref_w20,0,213.79,3745
case_034,2,2,842996,414270,2.0349,1238528,v33_bandref_w20,0,213.79,3745
case_034,2,3,842996,274160,3.0748,2380828,v35_bandref_w16,0,213.79,3745
case_034,2,4,842996,206174,4.0888,3085876,v36_cross_p2_from_p1,0,213.79,3745
case_034,2,5,842996,165861,5.0825,3766316,v33_bandref_w14,0,213.79,3745
case_034,3,2,842996,414270,2.0349,1238528,v33_bandref_w20,0.3520033468693584,213.79,3745
case_034,3,3,842996,274160,3.0748,2380828,v35_bandref_w16,0.5088481335025117,213.79,3745
case_034,3,4,842996,206174,4.0888,3085876,v36_cross_p3_from_p1,0.5496296832125667,213.79,3745
case_034,3,5,842996,165861,5.0825,3766316,v33_bandref_w14,0.5936503719887395,213.79,3745
case_035,1,2,169571,107994,1.5702,449460,v35_bandref_w32,0,9.44,3857
case_035,1,3,169571,92981,1.8237,901284,v35_bandref_w16,0,9.44,3857
case_035,1,4,169571,83169,2.0389,1069588,v33_bandref_w14,0,9.44,3857
case_035,1,5,169571,76439,2.2184,901284,v35_bandref_w16,0,9.44,3857
case_035,2,2,169571,95339,1.7786,260106,v35_bandref_w16,0,9.44,3857
case_035,2,3,169571,73710,2.3005,963260,v34_bandref_w8,0,9.44,3857
case_035,2,4,169571,62150,2.7284,1002586,v34_bandref_w8,0,9.44,3857
case_035,2,5,169571,57031,2.9733,1050876,v34_bandref_w8,0,9.44,3857
case_035,3,2,169571,95339,1.7786,260106,v35_bandref_w16,0.14174580616494634,9.44,3857
case_035,3,3,169571,73209,2.3163,963260,v34_bandref_w8,0.2984172915057726,9.44,3857
case_035,3,4,169571,62113,2.73,1002586,v34_bandref_w8,0.2717442877253246,9.44,3857
case_035,3,5,169571,56729,2.9891,1050876,v34_bandref_w8,0.2757486342773877,9.44,3857
case_036,1,2,931510,472955,1.9696,5760,v39_slack_mult4-slack0.35,0,724.8,2400
case_036,1,3,931510,316289,2.9451,9216,v39_slack_mult4-slack0.35,0,724.8,2400
case_036,1,4,931510,236447,3.9396,12672,v39_slack_mult4-slack0.35,0,724.8,2400
case_036,1,5,931510,191525,4.8636,16128,v39_slack_mult4-slack0.35,0,724.8,2400
case_036,2,2,931510,466068,1.9987,1152,v32_bandcomp_w4,0,724.8,2400
case_036,2,3,931510,311345,2.9919,2304,v32_bandcomp_w4,0,724.8,2400
case_036,2,4,931510,233584,3.9879,3456,v32_bandcomp_w4,0,724.8,2400
case_036,2,5,931510,187182,4.9765,4608,v32_bandcomp_w4,0,724.8,2400
case_036,3,2,931510,466068,1.9987,1152,v32_bandcomp_w4,0.0,724.8,2400
case_036,3,3,931510,311345,2.9919,2304,v32_bandcomp_w4,0.0,724.8,2400
case_036,3,4,931510,233584,3.9879,3456,v32_bandcomp_w4,0.0,724.8,2400
case_036,3,5,931510,187182,4.9765,4608,v32_bandcomp_w4,0.0,724.8,2400
case_037,1,2,210001,106048,1.9802,614400,,,191.5,780
case_037,1,3,210001,77408,2.7129,1761280,,,191.5,780
case_037,1,4,210001,53320,3.9385,614400,,,191.5,780
case_037,1,5,210001,44206,4.7505,1515520,v31_grow_mv_m3,0,191.5,780
case_037,2,2,210001,105374,1.9929,204800,,,191.5,780
case_037,2,3,210001,72511,2.8961,1318912,v32_bandcomp_w4,0,191.5,780
case_037,2,4,210001,53320,3.9385,614400,,,191.5,780
case_037,2,5,210001,43013,4.8823,1515520,v31_grow_mv_m3,0,191.5,780
case_037,3,2,210001,105374,1.9929,204800,,0.0,191.5,780
case_037,3,3,210001,72511,2.8961,1318912,v32_bandcomp_w4,0.5952380952380952,191.5,780
case_037,3,4,210001,53320,3.9385,614400,,0.0,191.5,780
case_037,3,5,210001,43013,4.8823,1925120,grow_m4,0.6425,191.5,780
case_038,1,2,1364555,704107,1.938,15671808,v35_bandref_w32,0,150.53,5907
case_038,1,3,1364555,473130,2.8841,15671808,v35_bandref_w32,0,150.53,5907
case_038,1,4,1364555,359238,3.7985,15671808,v35_bandref_w32,0,150.53,5907
case_038,1,5,1364555,319127,4.2759,15671808,v35_bandref_w32,0,150.53,5907
case_038,2,2,1364555,679430,2.0084,5329412,v35_bandref_w16,0,150.53,5907
case_038,2,3,1364555,451551,3.0219,6521856,v34_bandref_w12,0,150.53,5907
case_038,2,4,1364555,343698,3.9702,7558144,v34_bandref_w12,0,150.53,5907
case_038,2,5,1364555,277948,4.9094,8287744,v34_bandref_w12,0,150.53,5907
case_038,3,2,1364555,677693,2.0135,5329412,v35_bandref_w16,0.5516927552833839,150.53,5907
case_038,3,3,1364555,451101,3.0249,6421504,v35_bandref_w24,0.5502333065969999,150.53,5907
case_038,3,4,1364555,341037,4.0012,7525384,v33_bandref_w20,0.5566905054843434,150.53,5907
case_038,3,5,1364555,275008,4.9619,8287744,v34_bandref_w12,0.5951498426663387,150.53,5907
case_039,1,2,1435262,711511,2.0172,17899520,,,1169.93,5250
case_039,1,3,1435262,545447,2.6314,18210816,v25_grow_m3,0,1169.93,5250
case_039,1,4,1435262,391529,3.6658,17899520,,,1169.93,5250
case_039,1,5,1435262,391323,3.6677,15122432,v39_slack_mult4-slack0.2,0,1169.93,5250
case_039,2,2,1435262,697789,2.0569,9846784,v39_bseed_seed4-window10,0,1169.93,5250
case_039,2,3,1435262,477806,3.0039,12947456,v39_bseed_seed1-window10,0,1169.93,5250
case_039,2,4,1435262,366100,3.9204,8060928,v35_bandref_w6,0,1169.93,5250
case_039,2,5,1435262,363163,3.9521,12988416,v36_cross_p2_from_p1,0,1169.93,5250
case_039,3,2,1435262,697999,2.0563,9846784,v39_bseed_seed4-window10,0.38513119533527695,1169.93,5250
case_039,3,3,1435262,476192,3.014,14217216,v35_bandref_w6,0.46896711440481703,1169.93,5250
case_039,3,4,1435262,361350,3.9719,8060928,v35_bandref_w6,0.4340290060134418,1169.93,5250
case_039,3,5,1435262,293810,4.885,20246528,v35_bandref_w6,0.6401437371663244,1169.93,5250
case_040,1,2,253454,149687,1.6932,0,v20_growmv_m2,0,14.96,3083
case_040,1,3,253454,119600,2.1192,2149108,v35_bandref_w16,0,14.96,3083
case_040,1,4,253454,97819,2.5911,2742648,v33_bandref_w14,0,14.96,3083
case_040,1,5,253454,94411,2.6846,2303650,v34_bandref_w18,0,14.96,3083
case_040,2,2,253454,131570,1.9264,633660,v33_bandref_w14,0,14.96,3083
case_040,2,3,253454,98897,2.5628,624118,v34_bandref_w12,0,14.96,3083
case_040,2,4,253454,92654,2.7355,1685872,v35_bandref_w6,0,14.96,3083
case_040,2,5,253454,81092,3.1255,1791638,v35_bandref_w6,0,14.96,3083
case_040,3,2,253454,131570,1.9264,633660,v33_bandref_w14,0.05084449834052624,14.96,3083
case_040,3,3,253454,98562,2.5715,624118,v34_bandref_w12,0.07225653883941993,14.96,3083
case_040,3,4,253454,90704,2.7943,1685872,v35_bandref_w6,0.3709893392629408,14.96,3083
case_040,3,5,253454,77367,3.276,1791638,v35_bandref_w6,0.3386555184067439,14.96,3083
case_041,1,2,6003957,3094258,1.9404,64996444,v33_bandref_w10,0,2329.35,16594
case_041,1,3,6003957,2064306,2.9085,64879684,v39_bseed_seed3-window14,0,2329.35,16594
case_041,1,4,6003957,1555144,3.8607,64996444,v33_bandref_w10,0,2329.35,16594
case_041,1,5,6003957,1255636,4.7816,64996444,v33_bandref_w10,0,2329.35,16594
case_041,2,2,6003957,2993520,2.0057,25756688,v39_bseed_seed4-window10,0,2329.35,16594
case_041,2,3,6003957,2001933,2.9991,30465412,v34_bandref_w8,0,2329.35,16594
case_041,2,4,6003957,1508330,3.9805,33804292,v39_bseed_seed4-window14,0,2329.35,16594
case_041,2,5,6003957,1210640,4.9593,36025348,v39_bseed_seed2-window14,0,2329.35,16594
case_041,3,2,6003957,2992186,2.0065,25756688,v39_bseed_seed4-window10,0.28966843650254587,2329.35,16594
case_041,3,3,6003957,2000212,3.0017,30465412,v34_bandref_w8,0.3830941308587711,2329.35,16594
case_041,3,4,6003957,1504328,3.9911,34992188,v33_bandref_w10,0.4363120199364352,2329.35,16594
case_041,3,5,6003957,1204026,4.9866,36025348,v39_bseed_seed2-window14,0.4479681892603121,2329.35,16594
case_042,1,2,1686740,833229,2.0243,5830660,v24_grow_count_m4,0,186.58,4733
case_042,1,3,1686740,565115,2.9848,13017604,,,186.58,4733
case_042,1,4,1686740,435819,3.8703,8555524,v26_grow_count_m4,0,186.58,4733
case_042,1,5,1686740,354330,4.7604,8601600,,,186.58,4733
case_042,2,2,1686740,830943,2.0299,2679120,v35_bandref_w6,0,186.58,4733
case_042,2,3,1686740,557238,3.027,5739100,v34_bandref_w8,0,186.58,4733
case_042,2,4,1686740,417296,4.0421,6088572,v34_bandref_w8,0,186.58,4733
case_042,2,5,1686740,336571,5.0115,8168592,v33_bandref_w10,0,186.58,4733
case_042,3,2,1686740,830943,2.0299,2679120,v35_bandref_w6,0.4395608027164798,186.58,4733
case_042,3,3,1686740,557238,3.027,5739100,v34_bandref_w8,0.5466733117505856,186.58,4733
case_042,3,4,1686740,417296,4.0421,6088572,v34_bandref_w8,0.6643612686219699,186.58,4733
case_042,3,5,1686740,336559,5.0117,8168592,v33_bandref_w10,0.7098266937038918,186.58,4733
case_043,1,2,677656,364429,1.8595,4169318,v35_bandref_w32,0,26.22,9309
case_043,1,3,677656,284455,2.3823,6653110,v33_bandref_w14,0,26.22,9309
case_043,1,4,677656,234729,2.887,6653110,v33_bandref_w14,0,26.22,9309
case_043,1,5,677656,210868,3.2137,6653110,v33_bandref_w14,0,26.22,9309
case_043,2,2,677656,336757,2.0123,2415844,v34_bandref_w8,0,26.22,9309
case_043,2,3,677656,243079,2.7878,3790414,v34_bandref_w8,0,26.22,9309
case_043,2,4,677656,198304,3.4173,4053856,v36_cross_p2_from_p1,0,26.22,9309
case_043,2,5,677656,180502,3.7543,5320672,v34_bandref_w8,0,26.22,9309
case_043,3,2,677656,336575,2.0134,2415844,v34_bandref_w8,0.2771138926538533,26.22,9309
case_043,3,3,677656,241823,2.8023,3790414,v34_bandref_w8,0.403192905561558,26.22,9309
case_043,3,4,677656,196410,3.4502,4671974,v34_bandref_w8,0.4100259174359731,26.22,9309
case_043,3,5,677656,175235,3.8671,5320672,v34_bandref_w8,0.4664977239266918,26.22,9309
case_044,1,2,154407,96543,1.5994,202752,v11_level_m4,0,9.09,1364
case_044,1,3,154407,97276,1.5873,191488,v11_level_m2,0,9.09,1364
case_044,1,4,154407,96543,1.5994,202752,v11_level_m2,0,9.09,1364
case_044,1,5,154407,98263,1.5714,317440,v11_level_m2,0,9.09,1364
case_044,2,2,154407,44234,3.4907,930400,v17_wave_w1,0,9.09,1364
case_044,2,3,154407,54338,2.8416,1860800,v17_wave_w1,0,9.09,1364
case_044,2,4,154407,67339,2.293,2791200,v17_wave_w1,0,9.09,1364
case_044,2,5,154407,76945,2.0067,0,v11_grow_m10_t0.1,0,9.09,1364
case_044,3,2,154407,44185,3.4946,930400,v17_wave_w1,0.001512,9.09,1364
case_044,3,3,154407,54132,2.8524,1994432,v39_bseed_seed2-window14,0.12239910239177045,9.09,1364
case_044,3,4,154407,54159,2.851,2925344,v32_bandcomp_w16,0.2784718723761545,9.09,1364
case_044,3,5,154407,71418,2.162,3839872,v39_bseed_seed4-window14,0.1713412696803153,9.09,1364
case_045,1,2,125614,64115,1.9592,73728,v39_slack_mult4-slack0.35,0,36.97,1651
case_045,1,3,125614,47098,2.6671,225280,v31_grow_m6,0,36.97,1651
case_045,1,4,125614,33817,3.7145,163840,v39_slack_mult4-slack0.35,0,36.97,1651
case_045,1,5,125614,27746,4.5273,192512,v39_slack_mult4-slack0.35,0,36.97,1651
case_045,2,2,125614,63234,1.9865,1949696,v33_bandref_w10,0,36.97,1651
case_045,2,3,125614,42228,2.9747,98304,v33_bandref_w20,0,36.97,1651
case_045,2,4,125614,32334,3.8849,143360,v39_slack_mult4-slack0.35,0,36.97,1651
case_045,2,5,125614,26005,4.8304,143360,v39_slack_mult4-slack0.35,0,36.97,1651
case_045,3,2,125614,63234,1.9865,1949696,v33_bandref_w10,0.2,36.97,1651
case_045,3,3,125614,42228,2.9747,98304,v33_bandref_w20,0.0,36.97,1651
case_045,3,4,125614,32334,3.8849,143360,v39_slack_mult4-slack0.35,0.034482758620689655,36.97,1651
case_045,3,5,125614,26005,4.8304,143360,v39_slack_mult4-slack0.35,0.07865168539325842,36.97,1651
case_046,1,2,276455,139390,1.9833,5516896,grow_m3,,6.52,992
case_046,1,3,276455,136170,2.0302,5516896,,,6.52,992
case_046,1,4,276455,124942,2.2127,4249376,v17_wave_w8,0,6.52,992
case_046,1,5,276455,140604,1.9662,6512800,,,6.52,992
case_046,2,2,276455,106042,2.607,930400,v17_wave_w2,0,6.52,992
case_046,2,3,276455,81236,3.4031,1860800,v17_wave_w1,0,6.52,992
case_046,2,4,276455,78210,3.5348,2791200,v17_wave_w2,0,6.52,992
case_046,2,5,276455,94086,2.9383,3721600,v17_wave_w1,0,6.52,992
case_046,3,2,276455,106042,2.607,930400,v17_wave_w2,0.0,6.52,992
case_046,3,3,276455,76438,3.6167,2249920,v39_bseed_seed2-window14,0.59322727129718,6.52,992
case_046,3,4,276455,78210,3.5348,2791200,v17_wave_w2,0.0,6.52,992
case_046,3,5,276455,63084,4.3823,4019072,v32_bandcomp_w16,0.5092532995361738,6.52,992
case_047,1,2,326508,238879,1.3668,2611686,v33_bandref_w14,0,16.86,13710
case_047,1,3,326508,199200,1.6391,2611686,v33_bandref_w14,0,16.86,13710
case_047,1,4,326508,181336,1.8006,2611686,v33_bandref_w14,0,16.86,13710
case_047,1,5,326508,171547,1.9033,2611686,v33_bandref_w14,0,16.86,13710
case_047,2,2,326508,198460,1.6452,1733350,v35_bandcomp_w3,0,16.86,13710
case_047,2,3,326508,159797,2.0433,1833420,v34_bandref_w8,0,16.86,13710
case_047,2,4,326508,143898,2.269,3143922,v32_bandcomp_w4,0,16.86,13710
case_047,2,5,326508,137210,2.3796,3385464,v32_bandcomp_w4,0,16.86,13710
case_047,3,2,326508,198379,1.6459,1733350,v35_bandcomp_w3,0.08372399247398887,16.86,13710
case_047,3,3,326508,159681,2.0448,1833420,v34_bandref_w8,0.223826845008222,16.86,13710
case_047,3,4,326508,141790,2.3028,3859090,struct_wave,0.2869204777742862,16.86,13710
case_047,3,5,326508,134994,2.4187,3385464,v32_bandcomp_w4,0.3654581286848162,16.86,13710
case_048,1,2,222220,170524,1.3032,695704,v33_bandref_w14,0,3.05,1728
case_048,1,3,222220,153644,1.4463,782666,v34_bandref_w12,0,3.05,1728
case_048,1,4,222220,153637,1.4464,782666,v34_bandref_w12,0,3.05,1728
case_048,1,5,222220,153687,1.4459,782666,v34_bandref_w12,0,3.05,1728
case_048,2,2,222220,135881,1.6354,525670,v17_wave_w1,0,3.05,1728
case_048,2,3,222220,118540,1.8746,1172716,v17_wave_w1,0,3.05,1728
case_048,2,4,222220,116069,1.9146,964784,v17_wave_w1,0,3.05,1728
case_048,2,5,222220,113993,1.9494,1278644,v17_wave_w1,0,3.05,1728
case_048,3,2,222220,135880,1.6354,525670,v17_wave_w1,0.192065,3.05,1728
case_048,3,3,222220,117691,1.8882,1172716,v17_wave_w1,0.113687,3.05,1728
case_048,3,4,222220,116555,1.9066,964784,v17_wave_w1,0.081821,3.05,1728
case_048,3,5,222220,114379,1.9428,1278644,v17_wave_w1,0.248898,3.05,1728
case_049,1,2,196276,134029,1.4644,995622,v33_bandref_w20,0,23.07,4303
case_049,1,3,196276,108960,1.8014,1756586,v33_bandref_w10,0,23.07,4303
case_049,1,4,196276,95404,2.0573,1756586,v33_bandref_w10,0,23.07,4303
case_049,1,5,196276,87528,2.2424,1756586,v33_bandref_w10,0,23.07,4303
case_049,2,2,196276,115117,1.705,725770,v33_bandref_w10,0,23.07,4303
case_049,2,3,196276,91530,2.1444,1046060,v36_cross_p2_from_p1,0,23.07,4303
case_049,2,4,196276,80244,2.446,1233490,v36_cross_p2_from_p1,0,23.07,4303
case_049,2,5,196276,73833,2.6584,1522546,v39_bseed_seed1-window10,0,23.07,4303
case_049,3,2,196276,115124,1.7049,725770,v33_bandref_w10,0.05349049762818382,23.07,4303
case_049,3,3,196276,91499,2.1451,1046060,v36_cross_p3_from_p1,0.08597515463261374,23.07,4303
case_049,3,4,196276,80165,2.4484,1233490,v36_cross_p3_from_p1,0.1425102355626351,23.07,4303
case_049,3,5,196276,73318,2.6771,1522546,v39_bseed_seed1-window10,0.20595916379408072,23.07,4303
case_050,1,2,149690,99338,1.5069,799550,v33_bandref_w20,0,21.74,4555
case_050,1,3,149690,77255,1.9376,799550,v33_bandref_w20,0,21.74,4555
case_050,1,4,149690,70440,2.1251,799550,v33_bandref_w20,0,21.74,4555
case_050,1,5,149690,67286,2.2247,799550,v33_bandref_w20,0,21.74,4555
case_050,2,2,149690,86265,1.7352,1328850,v35_bandcomp_w2,0,21.74,4555
case_050,2,3,149690,68238,2.1936,939420,v35_bandref_w6,0,21.74,4555
case_050,2,4,149690,57517,2.6025,975170,v39_bseed_seed2-window10,0,21.74,4555
case_050,2,5,149690,53516,2.7971,925232,v35_bandref_w10_s2.0,0,21.74,4555
case_050,3,2,149690,84949,1.7621,1328850,v35_bandcomp_w2,0.15281052194093914,21.74,4555
case_050,3,3,149690,68224,2.1941,939420,v35_bandref_w6,0.19397828232971373,21.74,4555
case_050,3,4,149690,57221,2.616,975170,v39_bseed_seed2-window10,0.20739919792511682,21.74,4555
case_050,3,5,149690,53172,2.8152,1439228,v35_bandref_w10_s0.25,0.20108570696442582,21.74,4555
case_051,1,2,607628,425966,1.4265,9045718,v32_bandcomp_w4,0,6.68,1416
case_051,1,3,607628,370560,1.6398,9045718,v32_bandcomp_w4,0,6.68,1416
case_051,1,4,607628,333358,1.8227,9045718,v32_bandcomp_w4,0,6.68,1416
case_051,1,5,607628,338786,1.7935,9045718,v32_bandcomp_w4,0,6.68,1416
case_051,2,2,607628,318707,1.9065,393884,v32_bandcomp_w4,0,6.68,1416
case_051,2,3,607628,227528,2.6706,787384,v32_bandcomp_w4,0,6.68,1416
case_051,2,4,607628,178321,3.4075,1180788,v32_bandcomp_w4,0,6.68,1416
case_051,2,5,607628,179239,3.39,1574192,v32_bandcomp_w4,0,6.68,1416
case_051,3,2,607628,318295,1.909,393884,v32_bandcomp_w4,0.49978773866689713,6.68,1416
case_051,3,3,607628,227506,2.6708,787384,v32_bandcomp_w4,0.6664367473248574,6.68,1416
case_051,3,4,607628,178034,3.413,1180788,v32_bandcomp_w4,0.7497867721175467,6.68,1416
case_051,3,5,607628,178864,3.3972,1574192,v32_bandcomp_w4,0.7998000756580419,6.68,1416
case_052,1,2,180301,96783,1.8629,149096,v39_slack_mult4-slack0.2,0,48.55,1008
case_052,1,3,180301,65655,2.7462,682248,v31_grow_count_m8,0,48.55,1008
case_052,1,4,180301,52284,3.4485,642048,grow_m8,,48.55,1008
case_052,1,5,180301,44394,4.0614,835584,grow_m8,,48.55,1008
case_052,2,2,180301,87338,2.0644,259600,v33_bandref_w14,0,48.55,1008
case_052,2,3,180301,58184,3.0988,402452,v33_bandref_w14,0,48.55,1008
case_052,2,4,180301,46123,3.9091,536088,v33_bandref_w14,0,48.55,1008
case_052,2,5,180301,37582,4.7975,328704,v35_bandref_w16,0,48.55,1008
case_052,3,2,180301,87338,2.0644,259600,v33_bandref_w14,0.10381519217189548,48.55,1008
case_052,3,3,180301,58175,3.0993,402452,v33_bandref_w14,0.13521445801501777,48.55,1008
case_052,3,4,180301,46122,3.9092,536088,v33_bandref_w14,0.1622412822465808,48.55,1008
case_052,3,5,180301,37582,4.7975,328704,v35_bandref_w16,0.10251258399575675,48.55,1008
case_053,1,2,1472686,733494,2.0078,10503680,v14_grow_m6_t10,0,24.56,11670
case_053,1,3,1472686,625972,2.3526,16262456,v34_bandref_w18,0,24.56,11670
case_053,1,4,1472686,539402,2.7302,16262456,v34_bandref_w18,0,24.56,11670
case_053,1,5,1472686,501305,2.9377,16262456,v34_bandref_w18,0,24.56,11670
case_053,2,2,1472686,711663,2.0694,4155826,v32_bandcomp_w6,0,24.56,11670
case_053,2,3,1472686,482329,3.0533,6305032,v32_bandcomp_w6,0,24.56,11670
case_053,2,4,1472686,385486,3.8203,7337702,v35_bandref_w10_s0.25,0,24.56,11670
case_053,2,5,1472686,336008,4.3829,8388664,v34_bandref_w10_s1,0,24.56,11670
case_053,3,2,1472686,711663,2.0694,4155826,v32_bandcomp_w6,0.212701108633972,24.56,11670
case_053,3,3,1472686,481897,3.056,6305032,v32_bandcomp_w6,0.32654588237863336,24.56,11670
case_053,3,4,1472686,384321,3.8319,7337702,v35_bandref_w10_s0.25,0.3786956802659827,24.56,11670
case_053,3,5,1472686,329732,4.4663,8388664,v34_bandref_w10_s1,0.4085763156290147,24.56,11670
case_054,1,2,815051,491378,1.6587,7628804,v39_bseed_seed1-window10,0,40.05,15751
case_054,1,3,815051,346222,2.3541,7628804,v39_bseed_seed2-window10,0,40.05,15751
case_054,1,4,815051,275072,2.963,6857644,v33_bandref_w10,0,40.05,15751
case_054,1,5,815051,232529,3.5052,6857644,v33_bandref_w10,0,40.05,15751
case_054,2,2,815051,409565,1.99,1485032,v39_bseed_seed2-window10,0,40.05,15751
case_054,2,3,815051,282249,2.8877,2444082,v39_bseed_seed4-window10,0,40.05,15751
case_054,2,4,815051,222819,3.6579,3136600,v32_bandcomp_w10,0,40.05,15751
case_054,2,5,815051,183039,4.4529,3963360,v32_bandcomp_w10,0,40.05,15751
case_054,3,2,815051,409565,1.99,1485032,v39_bseed_seed2-window10,0.07805868301551455,40.05,15751
case_054,3,3,815051,282200,2.8882,2444078,v32_bandcomp_w10,0.1880915932275074,40.05,15751
case_054,3,4,815051,221632,3.6775,3798106,v33_bandref_w10,0.2196703712456563,40.05,15751
case_054,3,5,815051,181078,4.5011,3963360,v32_bandcomp_w10,0.3016852849028016,40.05,15751
case_055,1,2,118835,65692,1.809,301056,v24_grow_mv_m8,0,16.66,1236
case_055,1,3,118835,45733,2.5985,350216,v33_bandref_w20,0,16.66,1236
case_055,1,4,118835,34735,3.4212,350216,v33_bandref_w20,0,16.66,1236
case_055,1,5,118835,29060,4.0893,350216,v33_bandref_w20,0,16.66,1236
case_055,2,2,118835,59083,2.0113,557174,v35_bandref_w6,0,16.66,1236
case_055,2,3,118835,37953,3.1311,177204,v35_bandref_w16,0,16.66,1236
case_055,2,4,118835,30397,3.9094,210480,v35_bandref_w16,0,16.66,1236
case_055,2,5,118835,23504,5.0559,214532,v36_cross_p2_from_p1,0,16.66,1236
case_055,3,2,118835,59083,2.0113,557174,v35_bandref_w6,0.3068745859828882,16.66,1236
case_055,3,3,118835,37855,3.1392,779904,v35_bandref_w6,0.32054473969238495,16.66,1236
case_055,3,4,118835,30397,3.9094,210480,v35_bandref_w16,0.238726560353926,16.66,1236
case_055,3,5,118835,23504,5.0559,214532,v36_cross_p3_from_p1,0.21370941700174376,16.66,1236
case_056,1,2,277285,206364,1.3437,2131586,v34_bandref_w18,0,21.6,7678
case_056,1,3,277285,175403,1.5808,2131586,v34_bandref_w18,0,21.6,7678
case_056,1,4,277285,159619,1.7372,2131586,v34_bandref_w18,0,21.6,7678
case_056,1,5,277285,150077,1.8476,2131586,v34_bandref_w18,0,21.6,7678
case_056,2,2,277285,174057,1.5931,1824866,struct_wave,0,21.6,7678
case_056,2,3,277285,124021,2.2358,3024850,v35_bandcomp_w2,0,21.6,7678
case_056,2,4,277285,130964,2.1173,3451330,v35_bandcomp_w3,0,21.6,7678
case_056,2,5,277285,124974,2.2187,2383952,v32_bandcomp_w10,0,21.6,7678
case_056,3,2,277285,174057,1.5931,1824866,struct_wave,0.052664418819520276,21.6,7678
case_056,3,3,277285,123687,2.2418,3024850,v35_bandcomp_w2,0.10612670074132825,21.6,7678
case_056,3,4,277285,129671,2.1384,3497992,struct_wave,0.16411846755955203,21.6,7678
case_056,3,5,277285,124342,2.23,2383952,v32_bandcomp_w10,0.19863384897905406,21.6,7678
case_057,1,2,59726,30834,1.937,2052,grow_m5,,6.24,865
case_057,1,3,59726,21810,2.7385,82432,v25_grow_mv_m6,0,6.24,865
case_057,1,4,59726,17536,3.4059,215148,grow_m8,,6.24,865
case_057,1,5,59726,15416,3.8743,223280,v27_grow_count_m6,0,6.24,865
case_057,2,2,59726,29568,2.02,72516,v34_bandref_w8,0,6.24,865
case_057,2,3,59726,20049,2.979,411200,v34_bandref_w12,0,6.24,865
case_057,2,4,59726,15899,3.7566,466272,v34_bandref_w12,0,6.24,865
case_057,2,5,59726,13412,4.4532,38528,v33_bandref_w14,0,6.24,865
case_057,3,2,59726,29568,2.02,72516,v34_bandref_w8,0.14229981614624596,6.24,865
case_057,3,3,59726,20049,2.979,411200,v34_bandref_w12,0.1906198482249528,6.24,865
case_057,3,4,59726,15873,3.7627,743852,v35_bandref_w6,0.4511104638778642,6.24,865
case_057,3,5,59726,12783,4.6723,443744,v34_bandref_w12,0.2135521527332313,6.24,865
case_058,1,2,4539717,2275721,1.9948,96780288,v32_bandcomp_w10,0,4040.37,16575
case_058,1,3,4539717,1666853,2.7235,32575488,v39_slack_mult4-slack0.25,0,4040.37,16575
case_058,1,4,4539717,1363434,3.3296,31133696,v39_slack_mult2-slack0.2,0,4040.37,16575
case_058,1,5,4539717,1099026,4.1307,35954688,v39_slack_mult4-slack0.2,0,4040.37,16575
case_058,2,2,4539717,2238804,2.0277,30576640,v39_bseed_seed1-window10,0,4040.37,16575
case_058,2,3,4539717,1487506,3.0519,33685504,v39_bseed_seed4-window10,0,4040.37,16575
case_058,2,4,4539717,1126769,4.029,38223872,v39_bseed_seed4-window10,0,4040.37,16575
case_058,2,5,4539717,949198,4.7827,42545152,v39_bseed_seed4-window10,0,4040.37,16575
case_058,3,2,4539717,2238022,2.0285,30576640,v39_bseed_seed1-window10,0.1138515745430522,4040.37,16575
case_058,3,3,4539717,1486524,3.0539,33685504,v39_bseed_seed4-window10,0.21176709683975206,4040.37,16575
case_058,3,4,4539717,1120018,4.0533,37736448,v39_bseed_seed2-window10,0.28614958448753464,4040.37,16575
case_058,3,5,4539717,901407,5.0363,40730624,v39_bseed_seed3-window10,0.34408788167113574,4040.37,16575
case_059,1,2,829473,370884,2.2365,2523136,,,236.36,2752
case_059,1,3,829473,263380,3.1493,5566464,v39_slack_mult4-slack0.25,0,236.36,2752
case_059,1,4,829473,186084,4.4575,2523136,,,236.36,2752
case_059,1,5,829473,172602,4.8057,7700480,,,236.36,2752
case_059,2,2,829473,369318,2.246,360448,v24_grow_m4,0,236.36,2752
case_059,2,3,829473,247785,3.3476,3735552,v35_bandref_w6,0,236.36,2752
case_059,2,4,829473,185216,4.4784,1081344,,,236.36,2752
case_059,2,5,829473,149481,5.549,5898240,v35_bandref_w6,0,236.36,2752
case_059,3,2,829473,369318,2.246,360448,v24_grow_m4,0.0,236.36,2752
case_059,3,3,829473,247785,3.3476,3735552,v35_bandref_w6,0.4806910569105691,236.36,2752
case_059,3,4,829473,185216,4.4784,1081344,,0.0,236.36,2752
case_059,3,5,829473,149481,5.549,5898240,v35_bandref_w6,0.6471560846560847,236.36,2752
case_060,1,2,888789,461971,1.9239,8457240,v35_bandref_w24,0,121.02,5281
case_060,1,3,888789,311265,2.8554,3325956,v11_grow_m10_t0.1,0,121.02,5281
case_060,1,4,888789,223532,3.9761,4247552,v11_grow_m10_t0.1,0,121.02,5281
case_060,1,5,888789,182902,4.8594,4493312,v27_grow_count_m8,0,121.02,5281
case_060,2,2,888789,443038,2.0061,2652436,v36_cross_p2_from_p1,0,121.02,5281
case_060,2,3,888789,292752,3.036,3178760,v35_bandref_w32,0,121.02,5281
case_060,2,4,888789,228711,3.8861,4096620,v33_bandref_w14,0,121.02,5281
case_060,2,5,888789,178858,4.9692,4257436,v33_bandref_w20,0,121.02,5281
case_060,3,2,888789,442924,2.0066,2652436,v36_cross_p3_from_p1,0.37102718090284975,121.02,5281
case_060,3,3,888789,292472,3.0389,3477916,v34_bandref_w18,0.4372933083694211,121.02,5281
case_060,3,4,888789,224545,3.9582,2988032,v11_grow_m10_t0.1,0.462805,121.02,5281
case_060,3,5,888789,175391,5.0675,4372104,v34_bandref_w18,0.46767120056357603,121.02,5281
case_061,1,2,77191,44382,1.7392,67304,v39_slack_mult4-slack0.4,0,7.65,1115
case_061,1,3,77191,34147,2.2605,197804,v31_grow_mv_m6,0,7.65,1115
case_061,1,4,77191,27020,2.8568,314888,v33_bandref_w20,0,7.65,1115
case_061,1,5,77191,21896,3.5253,310788,v35_bandref_w32,0,7.65,1115
case_061,2,2,77191,40701,1.8965,103208,v31_grow_mv_m6,0,7.65,1115
case_061,2,3,77191,27944,2.7623,79876,v33_bandref_w20,0,7.65,1115
case_061,2,4,77191,21258,3.6312,99076,v36_cross_p2_from_p1,0,7.65,1115
case_061,2,5,77191,17758,4.3468,116232,v33_bandref_w20,0,7.65,1115
case_061,3,2,77191,40701,1.8965,103208,v31_grow_mv_m6,0.06245527291653113,7.65,1115
case_061,3,3,77191,27944,2.7623,79876,v33_bandref_w20,0.08315405633922363,7.65,1115
case_061,3,4,77191,21258,3.6312,99076,v36_cross_p3_from_p1,0.11007405680733576,7.65,1115
case_061,3,5,77191,17758,4.3468,116232,v33_bandref_w20,0.11499883081240077,7.65,1115
case_062,1,2,2854809,1432564,1.9928,52224,v32_bandcomp_w16,0,790.06,19636
case_062,1,3,2854809,972996,2.934,125952,v33_bandref_w14,0,790.06,19636
case_062,1,4,2854809,756603,3.7732,52224,v35_bandref_w16,0,790.06,19636
case_062,1,5,2854809,595339,4.7953,125952,v33_bandref_w14,0,790.06,19636
case_062,2,2,2854809,1428424,1.9986,30720,v35_bandref_w16,0,790.06,19636
case_062,2,3,2854809,960323,2.9728,1221120,v33_bandref_w10,0,790.06,19636
case_062,2,4,2854809,722082,3.9536,1463808,v39_btol_tol0.4-window10,0,790.06,19636
case_062,2,5,2854809,578184,4.9375,1442304,v39_btol_tol0.15-window10,0,790.06,19636
case_062,3,2,2854809,1428424,1.9986,30720,v35_bandref_w16,0.0,790.06,19636
case_062,3,3,2854809,960323,2.9728,1221120,v33_bandref_w10,0.0003288391976323578,790.06,19636
case_062,3,4,2854809,722082,3.9536,1463808,v39_btol_tol0.4-window10,0.0003260160834601174,790.06,19636
case_062,3,5,2854809,578184,4.9375,1442304,v39_btol_tol0.15-window10,0.0003262642740619902,790.06,19636
case_063,1,2,1070397,538695,1.987,36864,v32_bandcomp_w16,0,306.07,7360
case_063,1,3,1070397,360444,2.9697,36864,v32_bandcomp_w16,0,306.07,7360
case_063,1,4,1070397,276935,3.8652,58368,v33_bandref_w14,0,306.07,7360
case_063,1,5,1070397,251249,4.2603,662016,v36_cross_p1_from_p2,0,306.07,7360
case_063,2,2,1070397,536212,1.9962,15360,v32_bandcomp_w16,0,306.07,7360
case_063,2,3,1070397,348709,3.0696,4280832,v32_bandcomp_w6,0,306.07,7360
case_063,2,4,1070397,263268,4.0658,4826112,v32_bandcomp_w6,0,306.07,7360
case_063,2,5,1070397,217765,4.9154,536064,v33_bandref_w10,0,306.07,7360
case_063,3,2,1070397,536212,1.9962,15360,v32_bandcomp_w16,0.0,306.07,7360
case_063,3,3,1070397,348709,3.0696,4280832,v32_bandcomp_w6,0.0,306.07,7360
case_063,3,4,1070397,263268,4.0658,4826112,v32_bandcomp_w6,0.0,306.07,7360
case_063,3,5,1070397,217765,4.9154,536064,v33_bandref_w10,0.0008710801393728223,306.07,7360
case_064,1,2,19116,17726,1.0784,94344,v33_bandref_w20,0,5.38,906
case_064,1,3,19116,16791,1.1385,94344,v33_bandref_w20,0,5.38,906
case_064,1,4,19116,16352,1.169,139966,v36_cross_p1_from_p2,0,5.38,906
case_064,1,5,19116,15622,1.2237,115214,v36_cross_p1_from_p2,0,5.38,906
case_064,2,2,19116,13576,1.4081,46884,v33_bandref_w10,0,5.38,906
case_064,2,3,19116,11912,1.6048,51690,v33_bandref_w10,0,5.38,906
case_064,2,4,19116,11913,1.6046,51950,v33_bandref_w10,0,5.38,906
case_064,2,5,19116,11551,1.6549,58322,v39_btol_tol0.15-window10,0,5.38,906
case_064,3,2,19116,13575,1.4082,46884,v33_bandref_w10,0.13401573310586673,5.38,906
case_064,3,3,19116,11911,1.6049,51690,v33_bandref_w10,0.18374117360603848,5.38,906
case_064,3,4,19116,11912,1.6048,51950,v33_bandref_w10,0.21537433966846803,5.38,906
case_064,3,5,19116,11549,1.6552,58322,v39_btol_tol0.15-window10,0.22759958908800365,5.38,906
case_065,1,2,53068,27773,1.9108,58892,v39_slack_mult4-slack0.25,0,36.71,704
case_065,1,3,53068,19999,2.6535,85520,v31_grow_count_m3,0,36.71,704
case_065,1,4,53068,16524,3.2116,110592,grow_m5,,36.71,704
case_065,1,5,53068,13876,3.8244,159784,v27_grow_mv_m8,0,36.71,704
case_065,2,2,53068,23750,2.2344,206508,v33_bandref_w10,0,36.71,704
case_065,2,3,53068,17905,2.9639,92540,v35_bandref_w6,0,36.71,704
case_065,2,4,53068,13885,3.822,52168,v33_bandref_w14,0,36.71,704
case_065,2,5,53068,11339,4.6801,81500,v33_bandref_w14,0,36.71,704
case_065,3,2,53068,23731,2.2362,206508,v33_bandref_w10,0.11466159292529413,36.71,704
case_065,3,3,53068,17887,2.9668,92540,v35_bandref_w6,0.10458743990224276,36.71,704
case_065,3,4,53068,13885,3.822,52168,v33_bandref_w14,0.046880211628040715,36.71,704
case_065,3,5,53068,11339,4.6801,81500,v33_bandref_w14,0.1644139894222112,36.71,704
case_066,1,2,359070,220613,1.6276,1618542,v35_bandref_w24,0,11.75,5962
case_066,1,3,359070,182102,1.9718,3272664,v34_bandref_w8,0,11.75,5962
case_066,1,4,359070,157513,2.2796,3272664,v34_bandref_w8,0,11.75,5962
case_066,1,5,359070,145257,2.472,3272664,v36_cross_p1_from_p2,0,11.75,5962
case_066,2,2,359070,194325,1.8478,1669388,v35_bandcomp_w3,0,11.75,5962
case_066,2,3,359070,154159,2.3292,2062734,v36_cross_p2_from_p1,0,11.75,5962
case_066,2,4,359070,135432,2.6513,1869914,v35_bandref_w14_s2.0,0,11.75,5962
case_066,2,5,359070,125277,2.8662,2244530,v34_bandref_w8,0,11.75,5962
case_066,3,2,359070,193506,1.8556,1669388,v35_bandcomp_w3,0.16965031673498204,11.75,5962
case_066,3,3,359070,154190,2.3288,2062734,v36_cross_p3_from_p1,0.33901382874703173,11.75,5962
case_066,3,4,359070,135014,2.6595,2171768,v36_cross_p3_from_p1,0.3143752639795067,11.75,5962
case_066,3,5,359070,122212,2.9381,2244530,v34_bandref_w8,0.25389837970976115,11.75,5962
case_067,1,2,63834834,31178978,2.0474,125137280,struct_wave,0,69.95,8804
case_067,1,3,63834834,21073561,3.0291,128858880,struct_wave,0,69.95,8804
case_067,1,4,63834834,16234471,3.9321,132580480,struct_wave,0,69.95,8804
case_067,1,5,63834834,13167883,4.8478,136302080,struct_wave,0,69.95,8804
case_067,2,2,63834834,30362895,2.1024,40466816,v35_bandcomp_w2,0,69.95,8804
case_067,2,3,63834834,20072590,3.1802,44999424,v35_bandcomp_w2,0,69.95,8804
case_067,2,4,63834834,15102171,4.2269,45012096,v35_bandcomp_w2,0,69.95,8804
case_067,2,5,63834834,12082877,5.2831,52782592,v35_bandcomp_w2,0,69.95,8804
case_067,3,2,63834834,30336451,2.1042,40466816,v35_bandcomp_w2,0.1316754246608823,69.95,8804
case_067,3,3,63834834,20030100,3.1869,44999424,v35_bandcomp_w2,0.24619423432131024,69.95,8804
case_067,3,4,63834834,15050081,4.2415,45012096,v35_bandcomp_w2,0.3110262396981739,69.95,8804
case_067,3,5,63834834,12045927,5.2993,52782592,v35_bandcomp_w2,0.2459743136250186,69.95,8804
case_068,1,2,362095,267584,1.3532,1934910,v34_bandref_w18,0,7.23,5351
case_068,1,3,362095,225655,1.6046,2523976,v32_bandcomp_w16,0,7.23,5351
case_068,1,4,362095,201074,1.8008,2523976,v32_bandcomp_w16,0,7.23,5351
case_068,1,5,362095,186536,1.9412,2523976,v32_bandcomp_w16,0,7.23,5351
case_068,2,2,362095,229181,1.58,2811752,v35_bandcomp_w2,0,7.23,5351
case_068,2,3,362095,180627,2.0047,1727812,v32_bandcomp_w16,0,7.23,5351
case_068,2,4,362095,160846,2.2512,2205678,v32_bandcomp_w16,0,7.23,5351
case_068,2,5,362095,152283,2.3778,2163600,v32_bandcomp_w16,0,7.23,5351
case_068,3,2,362095,227927,1.5886,2811752,v35_bandcomp_w2,0.14244124090077145,7.23,5351
case_068,3,3,362095,180015,2.0115,1727812,v32_bandcomp_w16,0.12746252085476173,7.23,5351
case_068,3,4,362095,159094,2.276,2205678,v32_bandcomp_w16,0.15753955645358816,7.23,5351
case_068,3,5,362095,150095,2.4124,2163600,v32_bandcomp_w16,0.15972597670114277,7.23,5351
case_069,1,2,25144,20872,1.2047,534534,v32_bandcomp_w10,0,9.77,1032
case_069,1,3,25144,18021,1.3953,534534,v32_bandcomp_w10,0,9.77,1032
case_069,1,4,25144,16318,1.5409,534534,v32_bandcomp_w10,0,9.77,1032
case_069,1,5,25144,15363,1.6367,508936,v39_btol_tol0.15-window10,0,9.77,1032
case_069,2,2,25144,14472,1.7374,191974,v32_bandcomp_w10,0,9.77,1032
case_069,2,3,25144,12148,2.0698,295558,v39_bseed_seed1-window10,0,9.77,1032
case_069,2,4,25144,10963,2.2935,411242,v39_bseed_seed3-window10,0,9.77,1032
case_069,2,5,25144,10844,2.3187,424240,v39_bseed_seed2-window10,0,9.77,1032
case_069,3,2,25144,14462,1.7386,191974,v32_bandcomp_w10,0.038298901650212325,9.77,1032
case_069,3,3,25144,12098,2.0784,295558,v39_bseed_seed1-window10,0.24342859454866683,9.77,1032
case_069,3,4,25144,10729,2.3436,411242,v32_bandcomp_w10,0.34431704993287426,9.77,1032
case_069,3,5,25144,9557,2.631,411314,v39_btol_tol0.2-window10,0.4351012128181207,9.77,1032
case_070,1,2,117300,66338,1.7682,79872,v39_slack_mult2-slack0.4,0,30.67,1191
case_070,1,3,117300,45516,2.5771,900608,v25_grow_mv_m8,0,30.67,1191
case_070,1,4,117300,36255,3.2354,1033736,v35_bandref_w24,0,30.67,1191
case_070,1,5,117300,30545,3.8402,1033736,v35_bandref_w24,0,30.67,1191
case_070,2,2,117300,55148,2.127,179716,v34_bandref_w12,0,30.67,1191
case_070,2,3,117300,39983,2.9337,302168,v34_bandref_w8,0,30.67,1191
case_070,2,4,117300,32209,3.6418,378940,v39_bseed_seed4-window14,0,30.67,1191
case_070,2,5,117300,26320,4.4567,449048,v35_bandref_w16,0,30.67,1191
case_070,3,2,117300,55148,2.127,179716,v34_bandref_w12,0.2731910914770071,30.67,1191
case_070,3,3,117300,39934,2.9373,302168,v34_bandref_w8,0.24447078615191145,30.67,1191
case_070,3,4,117300,32209,3.6418,378940,v39_bseed_seed4-window14,0.07706665061111445,30.67,1191
case_070,3,5,117300,26270,4.4652,449048,v35_bandref_w16,0.1532062599120261,30.67,1191
case_071,1,2,18919,16153,1.1712,388704,v32_bandcomp_w10,0,7.18,741
case_071,1,3,18919,13131,1.4408,420192,v36_cross_p1_from_p2,0,7.18,741
case_071,1,4,18919,12803,1.4777,420192,v36_cross_p1_from_p2,0,7.18,741
case_071,1,5,18919,12426,1.5225,369506,v39_btol_tol0.15-window10,0,7.18,741
case_071,2,2,18919,11056,1.7112,156580,v39_btol_tol0.4-window10,0,7.18,741
case_071,2,3,18919,8593,2.2017,263946,v33_bandref_w10,0,7.18,741
case_071,2,4,18919,8546,2.2138,302478,v36_cross_p2_from_p1,0,7.18,741
case_071,2,5,18919,7844,2.4119,234992,v39_btol_tol0.15-window10,0,7.18,741
case_071,3,2,18919,10938,1.7297,156580,v39_btol_tol0.4-window10,0.2454576556417535,7.18,741
case_071,3,3,18919,8515,2.2218,263946,v33_bandref_w10,0.3867087399814623,7.18,741
case_071,3,4,18919,8096,2.3368,315854,v39_btol_tol0.4-window10,0.25728155339805825,7.18,741
case_071,3,5,18919,7499,2.5229,269458,v39_btol_tol0.4-window10,0.3959332708026263,7.18,741
case_072,1,2,23897828,11782967,2.0282,179344730,v35_bandref_w32,0,716.3,29666
case_072,1,3,23897828,7886452,3.0302,177513418,v33_bandref_w14,0,716.3,29666
case_072,1,4,23897828,5951418,4.0155,180392026,v33_bandref_w20,0,716.3,29666
case_072,1,5,23897828,4786931,4.9923,177513418,v33_bandref_w14,0,716.3,29666
case_072,2,2,23897828,11787047,2.0275,103863160,v33_bandref_w14,0,716.3,29666
case_072,2,3,23897828,7867918,3.0374,119033168,v33_bandref_w14,0,716.3,29666
case_072,2,4,23897828,5968012,4.0043,124362966,v33_bandref_w14,0,716.3,29666
case_072,2,5,23897828,4840405,4.9372,133396998,v33_bandref_w14,0,716.3,29666
case_072,3,2,23897828,11765499,2.0312,103863160,v33_bandref_w14,0.24113969587093562,716.3,29666
case_072,3,3,23897828,7846040,3.0458,119033168,v33_bandref_w14,0.29682187970011514,716.3,29666
case_072,3,4,23897828,5927403,4.0318,124362966,v33_bandref_w14,0.37913748576180706,716.3,29666
case_072,3,5,23897828,4797639,4.9812,133396998,v33_bandref_w14,0.30692431252037256,716.3,29666
case_073,1,2,10081626,4494830,2.2429,20394880,struct_wave,0,38.44,4836
case_073,1,3,10081626,2988693,3.3733,17107712,v17_wave_w2,0,38.44,4836
case_073,1,4,10081626,2468784,4.0836,27838080,struct_wave,0,38.44,4836
case_073,1,5,10081626,2124193,4.7461,31559680,struct_wave,0,38.44,4836
case_073,2,2,10081626,4136417,2.4373,7122304,v35_bandcomp_w2,0,38.44,4836
case_073,2,3,10081626,2857238,3.5285,7443200,v17_wave_w2,0,38.44,4836
case_073,2,4,10081626,2167978,4.6502,15809664,v35_bandcomp_w2,0,38.44,4836
case_073,2,5,10081626,1757734,5.7356,18747904,v35_bandcomp_w2,0,38.44,4836
case_073,3,2,10081626,4141851,2.4341,7122304,v35_bandcomp_w2,0.20178310998596627,38.44,4836
case_073,3,3,10081626,2857238,3.5285,7443200,v17_wave_w2,0.0,38.44,4836
case_073,3,4,10081626,2130819,4.7313,11164800,struct_wave,0.7418076020008847,38.44,4836
case_073,3,5,10081626,1708305,5.9015,18747904,v35_bandcomp_w2,0.5708596412029164,38.44,4836
case_074,1,2,1682239,827107,2.0339,10362884,v24_grow_m4_t10,0,339.78,3609
case_074,1,3,1682239,576085,2.9201,11100160,,,339.78,3609
case_074,1,4,1682239,438842,3.8334,14581760,v35_bandref_w32,0,339.78,3609
case_074,1,5,1682239,351885,4.7806,14581760,v35_bandref_w32,0,339.78,3609
case_074,2,2,1682239,816340,2.0607,4603916,v35_bandref_w16,0,339.78,3609
case_074,2,3,1682239,544835,3.0876,6332416,v34_bandref_w18,0,339.78,3609
case_074,2,4,1682239,416329,4.0406,8167508,v34_bandref_w8,0,339.78,3609
case_074,2,5,1682239,334100,5.0351,9109604,v34_bandref_w8,0,339.78,3609
case_074,3,2,1682239,814305,2.0659,4603916,v35_bandref_w16,0.33282934252643986,339.78,3609
case_074,3,3,1682239,544124,3.0916,6332416,v34_bandref_w18,0.4260393505050188,339.78,3609
case_074,3,4,1682239,414884,4.0547,8167508,v34_bandref_w8,0.5715798016494408,339.78,3609
case_074,3,5,1682239,333073,5.0507,9109604,v34_bandref_w8,0.6087351877996685,339.78,3609
case_075,1,2,1441809,1004237,1.4357,6611312,v34_bandref_w8,0,8.75,7410
case_075,1,3,1441809,820811,1.7566,6611312,v34_bandref_w8,0,8.75,7410
case_075,1,4,1441809,721259,1.999,23495474,struct_wave,0,8.75,7410
case_075,1,5,1441809,682554,2.1124,7229590,v35_bandref_w6,0,8.75,7410
case_075,2,2,1441809,761698,1.8929,3452934,struct_wave,0,8.75,7410
case_075,2,3,1441809,610014,2.3636,7441804,struct_wave,0,8.75,7410
case_075,2,4,1441809,455716,3.1638,7461138,struct_wave,0,8.75,7410
case_075,2,5,1441809,425615,3.3876,11434008,struct_wave,0,8.75,7410
case_075,3,2,1441809,761697,1.8929,3452934,struct_wave,0.0993682946621752,8.75,7410
case_075,3,3,1441809,610227,2.3627,7441804,struct_wave,0.23403196212434152,8.75,7410
case_075,3,4,1441809,451663,3.1922,7461138,struct_wave,0.2514160683682388,8.75,7410
case_075,3,5,1441809,421060,3.4242,11434008,struct_wave,0.3083597434488399,8.75,7410
case_076,1,2,6185113,3218804,1.9216,74277888,v32_bandcomp_w16,0,2248.17,32528
case_076,1,3,6185113,2148577,2.8787,74277888,v32_bandcomp_w16,0,2248.17,32528
case_076,1,4,6185113,1612121,3.8366,74277888,v39_bseed_seed4-window14,0,2248.17,32528
case_076,1,5,6185113,1339301,4.6182,74277888,v32_bandcomp_w16,0,2248.17,32528
case_076,2,2,6185113,3080975,2.0075,26129408,v39_bseed_seed4-window14,0,2248.17,32528
case_076,2,3,6185113,2053793,3.0116,25571812,v39_bseed_seed2-window10,0,2248.17,32528
case_076,2,4,6185113,1535947,4.0269,30069144,v39_bseed_seed1-window10,0,2248.17,32528
case_076,2,5,6185113,1235048,5.008,33262164,v39_bseed_seed1-window10,0,2248.17,32528
case_076,3,2,6185113,3076911,2.0102,26129408,v39_bseed_seed4-window14,0.39220507983561276,2248.17,32528
case_076,3,3,6185113,2050600,3.0162,25571812,v39_bseed_seed2-window10,0.5109254745527121,2248.17,32528
case_076,3,4,6185113,1535262,4.0287,30069144,v39_bseed_seed1-window10,0.5742667102646293,2248.17,32528
case_076,3,5,6185113,1228344,5.0353,34488916,v32_bandcomp_w10,0.6047669424124884,2248.17,32528
case_077,1,2,495320,278541,1.7783,2143102,v34_bandref_w18,0,29.88,4486
case_077,1,3,495320,201569,2.4573,2381236,v33_bandref_w14,0,29.88,4486
case_077,1,4,495320,161688,3.0634,2158592,v33_bandref_w20,0,29.88,4486
case_077,1,5,495320,132414,3.7407,2158592,v33_bandref_w20,0,29.88,4486
case_077,2,2,495320,254293,1.9478,540128,v33_bandref_w10,0,29.88,4486
case_077,2,3,495320,180579,2.743,1129466,v33_bandref_w10,0,29.88,4486
case_077,2,4,495320,144889,3.4186,1452790,v33_bandref_w10,0,29.88,4486
case_077,2,5,495320,122776,4.0343,1067626,v36_cross_p2_from_p1,0,29.88,4486
case_077,3,2,495320,254293,1.9478,540128,v33_bandref_w10,0.07741752875281549,29.88,4486
case_077,3,3,495320,179704,2.7563,1129466,v33_bandref_w10,0.13193057933516764,29.88,4486
case_077,3,4,495320,143898,3.4422,1452790,v33_bandref_w10,0.14135194298933237,29.88,4486
case_077,3,5,495320,121466,4.0778,1509802,v33_bandref_w10,0.1446328505297911,29.88,4486
case_078,1,2,2296143,1080972,2.1241,15039360,,,8.35,1024
case_078,1,3,2296143,756190,3.0365,15887232,v33_bandref_w20,0,8.35,1024
case_078,1,4,2296143,619540,3.7062,15039360,,,8.35,1024
case_078,1,5,2296143,549082,4.1818,15567744,v35_bandref_w32,0,8.35,1024
case_078,2,2,2296143,1024634,2.2409,2148480,v17_wave_w2,0,8.35,1024
case_078,2,3,2296143,703085,3.2658,6637824,v35_bandcomp_w3,0,8.35,1024
case_078,2,4,2296143,520320,4.4129,6445440,v17_wave_w2,0,8.35,1024
case_078,2,5,2296143,472147,4.8632,10861632,v32_bandcomp_w6,0,8.35,1024
case_078,3,2,2296143,1024634,2.2409,2148480,v17_wave_w2,0.0,8.35,1024
case_078,3,3,2296143,703083,3.2658,6637824,v35_bandcomp_w3,0.41366987099666286,8.35,1024
case_078,3,4,2296143,520320,4.4129,6445440,v17_wave_w2,0.0,8.35,1024
case_078,3,5,2296143,433059,5.3021,10861632,v32_bandcomp_w6,0.5763485927378522,8.35,1024
case_079,1,2,31052251,14893820,2.0849,91508736,v32_bandcomp_w10,0,4493.14,18720
case_079,1,3,31052251,9965372,3.116,91508736,v32_bandcomp_w10,0,4493.14,18720
case_079,1,4,31052251,7501148,4.1397,91508736,v32_bandcomp_w10,0,4493.14,18720
case_079,1,5,31052251,6063684,5.121,91508736,v32_bandcomp_w10,0,4493.14,18720
case_079,2,2,31052251,15192898,2.0439,33492992,v39_bseed_seed3-window10,0,4493.14,18720
case_079,2,3,31052251,10034421,3.0946,35160064,v39_bseed_seed1-window10,0,4493.14,18720
case_079,2,4,31052251,7483570,4.1494,38744064,v39_bseed_seed3-window10,0,4493.14,18720
case_079,2,5,31052251,5997882,5.1772,40697856,v39_bseed_seed4-window10,0,4493.14,18720
case_079,3,2,31052251,15192898,2.0439,33492992,v39_bseed_seed3-window10,0.0,4493.14,18720
case_079,3,3,31052251,10034277,3.0946,35160064,v39_bseed_seed1-window10,0.16959912026392082,4493.14,18720
case_079,3,4,31052251,7483340,4.1495,38744064,v39_bseed_seed3-window10,0.22035300606729177,4493.14,18720
case_079,3,5,31052251,5997754,5.1773,40697856,v39_bseed_seed4-window10,0.29559665345662706,4493.14,18720
case_080,1,2,292138,150838,1.9368,4698112,v24_grow_count_m8,0,267.88,1098
case_080,1,3,292138,100325,2.9119,3047424,,,267.88,1098
case_080,1,4,292138,91559,3.1907,2920448,,,267.88,1098
case_080,1,5,292138,103896,2.8118,3678208,v39_slack_mult2-slack0.25,0,267.88,1098
case_080,2,2,292138,145224,2.0116,1904640,v35_bandref_w6,0,267.88,1098
case_080,2,3,292138,98725,2.9591,3047424,v35_bandref_w6,0,267.88,1098
case_080,2,4,292138,91559,3.1907,2920448,,,267.88,1098
case_080,2,5,292138,101906,2.8667,3624960,v15_level_m4,0,267.88,1098
case_080,3,2,292138,145224,2.0116,1904640,v35_bandref_w6,0.3365591397849462,267.88,1098
case_080,3,3,292138,98725,2.9591,3047424,v35_bandref_w6,0.0,267.88,1098
case_080,3,4,292138,78164,3.7375,4337664,v35_bandref_w6,0.5126162018592297,267.88,1098
case_080,3,5,292138,68500,4.2648,5509120,v32_bandcomp_w4,0.5112160566706021,267.88,1098
case_081,1,2,151795,79537,1.9085,61488,v31_grow_m4,0,297.69,3485
case_081,1,3,151795,56847,2.6702,282694,v31_grow_count_m8,0,297.69,3485
case_081,1,4,151795,46327,3.2766,364770,v31_grow_count_m8,0,297.69,3485
case_081,1,5,151795,40792,3.7212,143472,v39_slack_mult4-slack0.35,0,297.69,3485
case_081,2,2,151795,76026,1.9966,1392980,v32_bandcomp_w6,0,297.69,3485
case_081,2,3,151795,51285,2.9598,697000,v35_bandref_w6,0,297.69,3485
case_081,2,4,151795,39588,3.8344,0,v32_bandcomp_w16,0,297.69,3485
case_081,2,5,151795,30943,4.9056,0,v32_bandcomp_w16,0,297.69,3485
case_081,3,2,151795,76026,1.9966,1392980,v32_bandcomp_w6,0.0,297.69,3485
case_081,3,3,151795,51285,2.9598,697000,v35_bandref_w6,0.3998438110113237,297.69,3485
case_081,3,4,151795,38930,3.8992,697000,v35_bandref_w6,0.3998438110113237,297.69,3485
case_081,3,5,151795,30943,4.9056,0,v32_bandcomp_w16,0.0,297.69,3485
case_082,1,2,721041,490651,1.4696,3298782,v33_bandref_w14,0,15.46,4113
case_082,1,3,721041,398031,1.8115,3298782,v33_bandref_w14,0,15.46,4113
case_082,1,4,721041,355215,2.0299,3966662,v34_bandref_w8,0,15.46,4113
case_082,1,5,721041,327796,2.1997,3298782,v33_bandref_w14,0,15.46,4113
case_082,2,2,721041,378814,1.9034,2101830,struct_wave,0,15.46,4113
case_082,2,3,721041,267107,2.6994,3269420,struct_wave,0,15.46,4113
case_082,2,4,721041,224161,3.2166,4289042,struct_wave,0,15.46,4113
case_082,2,5,721041,210877,3.4192,6221752,struct_wave,0,15.46,4113
case_082,3,2,721041,378813,1.9034,2101830,struct_wave,0.07327373620168355,15.46,4113
case_082,3,3,721041,266773,2.7028,3269420,struct_wave,0.13084810230064584,15.46,4113
case_082,3,4,721041,223793,3.2219,4289042,struct_wave,0.29748188094478223,15.46,4113
case_082,3,5,721041,209027,3.4495,6221752,struct_wave,0.29965038005265177,15.46,4113
case_083,1,2,1057993,596102,1.7749,20836992,v24_grow_m8,0,25.26,3844
case_083,1,3,1057993,576255,1.836,21794944,,,25.26,3844
case_083,1,4,1057993,589712,1.7941,29297440,struct_wave,0,25.26,3844
case_083,1,5,1057993,475221,2.2263,24987136,grow_m5_tol0.15,,25.26,3844
case_083,2,2,1057993,416215,2.5419,5429856,v35_bandcomp_w2,0,25.26,3844
case_083,2,3,1057993,285813,3.7017,7164096,v35_bandref_w6,0,25.26,3844
case_083,2,4,1057993,214624,4.9295,2791200,struct_wave,0,25.26,3844
case_083,2,5,1057993,186796,5.6639,3721600,struct_wave,0,25.26,3844
case_083,3,2,1057993,416094,2.5427,5429856,v35_bandcomp_w2,0.16137546740963413,25.26,3844
case_083,3,3,1057993,285813,3.7017,7164096,v35_bandref_w6,0.10779384917848617,25.26,3844
case_083,3,4,1057993,214624,4.9295,2791200,struct_wave,0.7018738529894717,25.26,3844
case_083,3,5,1057993,177470,5.9615,5070208,v39_bseed_seed3-window14,0.5846556143660793,25.26,3844
case_084,1,2,2507412,1282206,1.9555,55296,v31_grow_m4_t10,0,923.41,8616
case_084,1,3,2507412,764378,3.2803,18749376,v10_level_m4,0,923.41,8616
case_084,1,4,2507412,572571,4.3792,14943552,v10_level_m4,0,923.41,8616
case_084,1,5,2507412,531046,4.7216,10865664,v13_level_m2,0,923.41,8616
case_084,2,2,2507412,686644,3.6517,9437184,v32_bandcomp_w4,0,923.41,8616
case_084,2,3,2507412,458172,5.4726,9179136,v32_bandcomp_w4,0,923.41,8616
case_084,2,4,2507412,384344,6.5239,8957952,v32_bandcomp_w4,0,923.41,8616
case_084,2,5,2507412,374700,6.6918,8709120,v32_bandcomp_w4,0,923.41,8616
case_084,3,2,2507412,686644,3.6517,9437184,v32_bandcomp_w4,0.0,923.41,8616
case_084,3,3,2507412,458172,5.4726,9179136,v32_bandcomp_w4,0.0,923.41,8616
case_084,3,4,2507412,384344,6.5239,8957952,v32_bandcomp_w4,0.0,923.41,8616
case_084,3,5,2507412,374700,6.6918,8709120,v32_bandcomp_w4,0.0,923.41,8616
case_085,1,2,3187899,1761971,1.8093,20646492,v39_bseed_seed3-window10,0,23.57,19737
case_085,1,3,3187899,1271880,2.5064,20646492,v32_bandcomp_w10,0,23.57,19737
case_085,1,4,3187899,957664,3.3288,20646492,v39_bseed_seed2-window10,0,23.57,19737
case_085,1,5,3187899,843661,3.7786,20646492,v32_bandcomp_w10,0,23.57,19737
case_085,2,2,3187899,1562915,2.0397,5844286,v39_bseed_seed2-window10,0,23.57,19737
case_085,2,3,3187899,1128257,2.8255,7915084,v39_bseed_seed4-window10,0,23.57,19737
case_085,2,4,3187899,841062,3.7903,9016914,v39_bseed_seed3-window10,0,23.57,19737
case_085,2,5,3187899,717566,4.4427,13432792,v39_bseed_seed1-window10,0,23.57,19737
case_085,3,2,3187899,1562915,2.0397,5844286,v39_bseed_seed2-window10,0.16245529355975108,23.57,19737
case_085,3,3,3187899,1127969,2.8262,7915084,v39_bseed_seed4-window10,0.29753165871075093,23.57,19737
case_085,3,4,3187899,840954,3.7908,9016914,v39_bseed_seed3-window10,0.40579667235660055,23.57,19737
case_085,3,5,3187899,714834,4.4596,13432792,v39_bseed_seed1-window10,0.43918316939371593,23.57,19737
case_086,1,2,118403,89008,1.3303,1948414,v35_bandref_w16,0,15.89,5274
case_086,1,3,118403,75498,1.5683,2285514,v36_cross_p1_from_p2,0,15.89,5274
case_086,1,4,118403,71745,1.6503,2285514,v36_cross_p1_from_p2,0,15.89,5274
case_086,1,5,118403,71824,1.6485,2285514,v36_cross_p1_from_p3,0,15.89,5274
case_086,2,2,118403,72276,1.6382,847912,v34_bandref_w8,0,15.89,5274
case_086,2,3,118403,62789,1.8857,1230284,v33_bandref_w14,0,15.89,5274
case_086,2,4,118403,59285,1.9972,1473198,v33_bandref_w14,0,15.89,5274
case_086,2,5,118403,58825,2.0128,1675254,v39_bseed_seed1-window14,0,15.89,5274
case_086,3,2,118403,72271,1.6383,847912,v34_bandref_w8,0.193753742397025,15.89,5274
case_086,3,3,118403,62517,1.8939,1230284,v33_bandref_w14,0.26688278665262266,15.89,5274
case_086,3,4,118403,58173,2.0354,1473198,v33_bandref_w14,0.3113463404751713,15.89,5274
case_086,3,5,118403,57945,2.0434,1683926,v39_bseed_seed3-window14,0.28328802925776075,15.89,5274
case_087,1,2,3974071,2066233,1.9233,31218782,v35_bandref_w24,0,45.65,27556
case_087,1,3,3974071,1439622,2.7605,35533514,v35_bandref_w16,0,45.65,27556
case_087,1,4,3974071,1148777,3.4594,35533514,v35_bandref_w16,0,45.65,27556
case_087,1,5,3974071,978112,4.063,35533514,v35_bandref_w16,0,45.65,27556
case_087,2,2,3974071,2013218,1.974,13311328,v35_bandref_w16,0,45.65,27556
case_087,2,3,3974071,1387417,2.8644,16963418,v35_bandref_w16,0,45.65,27556
case_087,2,4,3974071,1108681,3.5845,19040968,v35_bandref_w16,0,45.65,27556
case_087,2,5,3974071,938108,4.2363,19351632,v34_bandref_w12,0,45.65,27556
case_087,3,2,3974071,2009631,1.9775,13311328,v35_bandref_w16,0.2571634646763084,45.65,27556
case_087,3,3,3974071,1384318,2.8708,16963418,v35_bandref_w16,0.40691816192920954,45.65,27556
case_087,3,4,3974071,1102082,3.606,19040968,v35_bandref_w16,0.4175324086205296,45.65,27556
case_087,3,5,3974071,927612,4.2842,21515760,v35_bandref_w16,0.45142916027854696,45.65,27556
case_088,1,2,243623,184078,1.3235,1729370,v33_bandref_w14,0,7.34,3309
case_088,1,3,243623,157828,1.5436,1729370,v33_bandref_w14,0,7.34,3309
case_088,1,4,243623,137682,1.7695,1965530,v32_bandcomp_w16,0,7.34,3309
case_088,1,5,243623,124671,1.9541,1965530,v32_bandcomp_w16,0,7.34,3309
case_088,2,2,243623,151590,1.6071,2065766,v35_bandcomp_w2,0,7.34,3309
case_088,2,3,243623,125984,1.9338,1440592,v34_bandref_w12,0,7.34,3309
case_088,2,4,243623,108155,2.2525,1679246,v34_bandref_w12,0,7.34,3309
case_088,2,5,243623,102207,2.3836,1811456,v32_bandcomp_w16,0,7.34,3309
case_088,3,2,243623,150132,1.6227,2065766,v35_bandcomp_w2,0.15918827978366254,7.34,3309
case_088,3,3,243623,122585,1.9874,3164512,v35_bandcomp_w2,0.20807137804258372,7.34,3309
case_088,3,4,243623,105449,2.3103,1679246,v34_bandref_w12,0.1995402455257725,7.34,3309
case_088,3,5,243623,101904,2.3907,1811456,v32_bandcomp_w16,0.058077233047644825,7.34,3309
case_089,1,2,693092,357608,1.9381,4068480,v17_wave_w8,0,35.83,5120
case_089,1,3,693092,278924,2.4849,954880,v39_slack_mult2-slack0.2,0,35.83,5120
case_089,1,4,693092,199568,3.473,4545920,v17_wave_w8,0,35.83,5120
case_089,1,5,693092,171792,4.0345,4784640,v17_wave_w8,0,35.83,5120
case_089,2,2,693092,295856,2.3427,238720,v17_wave_w2,0,35.83,5120
case_089,2,3,693092,208395,3.3259,1399040,struct_wave,0,35.83,5120
case_089,2,4,693092,148856,4.6561,716160,v17_wave_w2,0,35.83,5120
case_089,2,5,693092,120170,5.7676,954880,v17_wave_w2,0,35.83,5120
case_089,3,2,693092,295856,2.3427,238720,v17_wave_w2,0.0,35.83,5120
case_089,3,3,693092,208395,3.3259,1399040,struct_wave,0.14424224343675418,35.83,5120
case_089,3,4,693092,148856,4.6561,716160,v17_wave_w2,0.0,35.83,5120
case_089,3,5,693092,120170,5.7676,954880,v17_wave_w2,0.0,35.83,5120
case_090,1,2,1178363,548389,2.1488,6397440,struct_wave,0,13.56,1664
case_090,1,3,1178363,444209,2.6527,8615040,struct_wave,0,13.56,1664
case_090,1,4,1178363,389297,3.0269,10763520,struct_wave,0,13.56,1664
case_090,1,5,1178363,382967,3.0769,12912000,struct_wave,0,13.56,1664
case_090,2,2,1178363,427622,2.7556,2997504,v35_bandcomp_w2,0,13.56,1664
case_090,2,3,1178363,316842,3.7191,5286144,v35_bandcomp_w3,0,13.56,1664
case_090,2,4,1178363,279384,4.2177,7249152,v32_bandcomp_w4,0,13.56,1664
case_090,2,5,1178363,278394,4.2327,9475584,v32_bandcomp_w6,0,13.56,1664
case_090,3,2,1178363,427437,2.7568,2997504,v35_bandcomp_w2,0.17019335457074883,13.56,1664
case_090,3,3,1178363,305628,3.8555,5017344,v32_bandcomp_w4,0.45986425085544397,13.56,1664
case_090,3,4,1178363,257353,4.5788,10702080,v33_bandref_w10,0.5978938175938496,13.56,1664
case_090,3,5,1178363,228175,5.1643,12556800,v39_bseed_seed1-window10,0.5818729318332231,13.56,1664
case_091,1,2,9186769,4647867,1.9766,112553992,v35_bandref_w32,0,156.41,31554
case_091,1,3,9186769,3131661,2.9335,112677900,v35_bandref_w24,0,156.41,31554
case_091,1,4,9186769,2371379,3.874,112553992,v35_bandref_w32,0,156.41,31554
case_091,1,5,9186769,2026198,4.534,112351252,v32_bandcomp_w16,0,156.41,31554
case_091,2,2,9186769,4525012,2.0302,52049964,v33_bandref_w10,0,156.41,31554
case_091,2,3,9186769,3033832,3.0281,61749356,v39_btol_tol0.4-window10,0,156.41,31554
case_091,2,4,9186769,2306604,3.9828,61945044,v32_bandcomp_w10,0,156.41,31554
case_091,2,5,9186769,1853462,4.9565,66775560,v39_bseed_seed3-window10,0,156.41,31554
case_091,3,2,9186769,4524027,2.0307,52049964,v33_bandref_w10,0.34292825240117913,156.41,31554
case_091,3,3,9186769,3026414,3.0355,61749356,v39_btol_tol0.4-window10,0.44641323848298,156.41,31554
case_091,3,4,9186769,2284729,4.0209,61945044,v32_bandcomp_w10,0.5417188019236602,156.41,31554
case_091,3,5,9186769,1829987,5.0201,66775560,v39_bseed_seed3-window10,0.5845914260673494,156.41,31554
case_092,1,2,4815554,2142252,2.2479,28942944,v17_wave_w8,0,115.7,17608
case_092,1,3,4815554,2698792,1.7843,123276480,v17_wave_w1,0,115.7,17608
case_092,1,4,4815554,1983590,2.4277,70356448,v39_slack_mult4-slack0.35,0,115.7,17608
case_092,1,5,4815554,2370424,2.0315,125137280,v17_wave_w1,0,115.7,17608
case_092,2,2,4815554,1997970,2.4102,5116512,v33_bandref_w14,0,115.7,17608
case_092,2,3,4815554,1327574,3.6273,18644160,v33_bandref_w10,0,115.7,17608
case_092,2,4,4815554,1001092,4.8103,15449888,v33_bandref_w10,0,115.7,17608
case_092,2,5,4815554,810203,5.9436,3950976,v17_wave_w1,0,115.7,17608
case_092,3,2,4815554,1997970,2.4102,5116512,v33_bandref_w14,0.0,115.7,17608
case_092,3,3,4815554,1325318,3.6335,14906560,v34_bandref_w12,0.07224426343164833,115.7,17608
case_092,3,4,4815554,1001098,4.8103,15449888,v33_bandref_w10,0.027816141808676993,115.7,17608
case_092,3,5,4815554,805286,5.9799,12863872,v33_bandref_w14,0.1991527381961026,115.7,17608
case_093,1,2,74205,38181,1.9435,40960,v31_grow_mv_m3,0,171.4,552
case_093,1,3,74205,26640,2.7855,135168,v15_level_m4,0,171.4,552
case_093,1,4,74205,21631,3.4305,233472,v31_grow_mv_m8,0,171.4,552
case_093,1,5,74205,16879,4.3963,73728,v31_grow_mv_m3,0,171.4,552
case_093,2,2,74205,37536,1.9769,12288,v15_level_m2,0,171.4,552
case_093,2,3,74205,25103,2.956,16384,v32_bandcomp_w4,0,171.4,552
case_093,2,4,74205,19671,3.7723,102400,v31_grow_mv_m8,0,171.4,552
case_093,2,5,74205,15876,4.674,32768,v31_grow_mv_m3,0,171.4,552
case_093,3,2,74205,37536,1.9769,12288,v15_level_m2,0.0,171.4,552
case_093,3,3,74205,25103,2.956,16384,v32_bandcomp_w4,0.0,171.4,552
case_093,3,4,74205,19617,3.7827,102400,v31_grow_mv_m8,0.01929260450160772,171.4,552
case_093,3,5,74205,15639,4.7449,110592,v31_grow_mv_m6,0.0380952380952381,171.4,552
case_094,1,2,94892,50086,1.8946,462112,v31_grow_count_m8,0,23.38,647
case_094,1,3,94892,36158,2.6244,502272,grow_m8,,23.38,647
case_094,1,4,94892,27451,3.4568,502272,grow_m6,,23.38,647
case_094,1,5,94892,24518,3.8703,511488,grow_m5,,23.38,647
case_094,2,2,94892,41129,2.3072,398112,v33_bandref_w14,0,23.38,647
case_094,2,3,94892,30958,3.0652,417356,v39_btol_tol0.15-window10,0,23.38,647
case_094,2,4,94892,24624,3.8536,262656,grow_m6,,23.38,647
case_094,2,5,94892,20850,4.5512,396288,grow_m6,,23.38,647
case_094,3,2,94892,40955,2.317,398112,v33_bandref_w14,0.16248574686431014,23.38,647
case_094,3,3,94892,30958,3.0652,417356,v39_btol_tol0.15-window10,0.22525047903102427,23.38,647
case_094,3,4,94892,23594,4.0219,494952,v39_btol_tol0.15-window10,0.2809036600832672,23.38,647
case_094,3,5,94892,19306,4.9152,664864,v31_grow_count_m8,0.28087780482990066,23.38,647
case_095,1,2,2084853,1057759,1.971,0,v39_slack_mult4-slack0.35,0,344.3,3696
case_095,1,3,2084853,706750,2.9499,0,v39_slack_mult4-slack0.35,0,344.3,3696
case_095,1,4,2084853,531709,3.921,0,v39_slack_mult4-slack0.35,0,344.3,3696
case_095,1,5,2084853,424348,4.9131,0,v39_slack_mult4-slack0.35,0,344.3,3696
case_095,2,2,2084853,573788,3.6335,16588800,v32_bandcomp_w4,0,344.3,3696
case_095,2,3,2084853,474501,4.3938,16367616,v32_bandcomp_w4,0,344.3,3696
case_095,2,4,2084853,467798,4.4567,16220160,v32_bandcomp_w4,0,344.3,3696
case_095,2,5,2084853,420852,4.9539,0,v32_bandcomp_w10,0,344.3,3696
case_095,3,2,2084853,573788,3.6335,16588800,v32_bandcomp_w4,0.0,344.3,3696
case_095,3,3,2084853,474501,4.3938,16367616,v32_bandcomp_w4,0.0,344.3,3696
case_095,3,4,2084853,467798,4.4567,16220160,v32_bandcomp_w4,0.0,344.3,3696
case_095,3,5,2084853,420852,4.9539,0,v32_bandcomp_w10,0.0,344.3,3696
case_096,1,2,84194,48202,1.7467,337920,v24_grow_count_m6,0,8.22,1198
case_096,1,3,84194,33068,2.5461,337920,v15_growcnt_m4,0,8.22,1198
case_096,1,4,84194,27585,3.0522,917844,v35_bandref_w16,0,8.22,1198
case_096,1,5,84194,26965,3.1223,817492,v33_bandref_w20,0,8.22,1198
case_096,2,2,84194,40715,2.0679,139116,v33_bandref_w10,0,8.22,1198
case_096,2,3,84194,28146,2.9913,127420,v33_bandref_w10,0,8.22,1198
case_096,2,4,84194,22949,3.6687,335560,v34_bandref_w8,0,8.22,1198
case_096,2,5,84194,21899,3.8447,598056,v35_bandref_w6,0,8.22,1198
case_096,3,2,84194,40715,2.0679,139116,v33_bandref_w10,0.2436400384139797,8.22,1198
case_096,3,3,84194,28146,2.9913,127420,v33_bandref_w10,0.1259285370934145,8.22,1198
case_096,3,4,84194,22381,3.7619,335560,v34_bandref_w8,0.17834352006196225,8.22,1198
case_096,3,5,84194,20984,4.0123,598056,v35_bandref_w6,0.5204321755197379,8.22,1198
case_097,1,2,11491509,5156692,2.2285,17891328,,,338.74,6592
case_097,1,3,11491509,3544723,3.2419,17358848,v25b_grow_m3,0,338.74,6592
case_097,1,4,11491509,2579804,4.4544,17891328,,,338.74,6592
case_097,1,5,11491509,2258369,5.0884,17678336,,,338.74,6592
case_097,2,2,11491509,5393626,2.1306,3588096,v35_bandref_w6,0,338.74,6592
case_097,2,3,11491509,3437894,3.3426,19554304,v35_bandref_w6,0,338.74,6592
case_097,2,4,11491509,2577788,4.4579,7667712,v34_bandref_w8,0,338.74,6592
case_097,2,5,11491509,2069601,5.5525,29622272,v35_bandref_w6,0,338.74,6592
case_097,3,2,11491509,5393626,2.1306,3588096,v35_bandref_w6,0.0,338.74,6592
case_097,3,3,11491509,3437894,3.3426,19554304,v35_bandref_w6,0.3823595254085516,338.74,6592
case_097,3,4,11491509,2577788,4.4579,7667712,v34_bandref_w8,0.0,338.74,6592
case_097,3,5,11491509,2069601,5.5525,29622272,v35_bandref_w6,0.557229809976247,338.74,6592
case_098,1,2,177430,98332,1.8044,901212,v35_bandref_w32,0,14.7,1365
case_098,1,3,177430,87436,2.0293,983156,v34_bandref_w12,0,14.7,1365
case_098,1,4,177430,68941,2.5736,1882278,v36_cross_p1_from_p2,0,14.7,1365
case_098,1,5,177430,68927,2.5742,1882278,v36_cross_p1_from_p2,0,14.7,1365
case_098,2,2,177430,89028,1.993,2211130,v32_bandcomp_w4,0,14.7,1365
case_098,2,3,177430,70847,2.5044,2727312,v32_bandcomp_w4,0,14.7,1365
case_098,2,4,177430,63790,2.7815,794696,v34_bandref_w8,0,14.7,1365
case_098,2,5,177430,65241,2.7196,887908,v34_bandref_w8,0,14.7,1365
case_098,3,2,177430,88840,1.9972,2211130,v32_bandcomp_w4,0.15689348823975344,14.7,1365
case_098,3,3,177430,70499,2.5168,2727312,v32_bandcomp_w4,0.1540531320205981,14.7,1365
case_098,3,4,177430,63671,2.7867,794696,v34_bandref_w8,0.2686975792811505,14.7,1365
case_098,3,5,177430,64095,2.7682,887908,v34_bandref_w8,0.2672667705619297,14.7,1365
case_099,1,2,1622999,839602,1.9331,9940992,v31_grow_count_m8,0,495.65,6296
case_099,1,3,1622999,567280,2.861,21970048,v39_btol_tol0.4-window14,0,495.65,6296
case_099,1,4,1622999,433298,3.7457,21970048,v39_btol_tol0.4-window14,0,495.65,6296
case_099,1,5,1622999,335435,4.8385,11157512,grow_m8_tol0.15,,495.65,6296
case_099,2,2,1622999,804562,2.0172,2051396,v35_bandref_w6,0,495.65,6296
case_099,2,3,1622999,537706,3.0184,7400392,v35_bandref_w6,0,495.65,6296
case_099,2,4,1622999,405788,3.9996,4762580,v35_bandref_w6,0,495.65,6296
case_099,2,5,1622999,327682,4.953,8064536,v39_bseed_seed3-window10,0,495.65,6296
case_099,3,2,1622999,804598,2.0172,2051396,v35_bandref_w6,0.1754537755340666,495.65,6296
case_099,3,3,1622999,536072,3.0276,7400392,v35_bandref_w6,0.5201198676142932,495.65,6296
case_099,3,4,1622999,405112,4.0063,4762580,v35_bandref_w6,0.48723275088027507,495.65,6296
case_099,3,5,1622999,326017,4.9783,10606452,v35_bandref_w6,0.6205458242250037,495.65,6296
case_100,1,2,151223,84672,1.786,55296,grow_m3,,20.04,1394
case_100,1,3,151223,57948,2.6096,55296,,,20.04,1394
case_100,1,4,151223,56258,2.688,2072980,v35_bandref_w6,0,20.04,1394
case_100,1,5,151223,58160,2.6001,2072980,v36_cross_p1_from_p2,0,20.04,1394
case_100,2,2,151223,71666,2.1101,24208,v35_bandref_w16,0,20.04,1394
case_100,2,3,151223,53251,2.8398,399584,v35_bandref_w6,0,20.04,1394
case_100,2,4,151223,54620,2.7686,521064,v35_bandref_w6,0,20.04,1394
case_100,2,5,151223,55997,2.7006,621402,v35_bandref_w6,0,20.04,1394
case_100,3,2,151223,71666,2.1101,24208,v35_bandref_w16,0.03948076493982071,20.04,1394
case_100,3,3,151223,53251,2.8398,399584,v35_bandref_w6,0.2917977555258824,20.04,1394
case_100,3,4,151223,54620,2.7686,521064,v35_bandref_w6,0.3090703349104049,20.04,1394
case_100,3,5,151223,55883,2.7061,621402,v35_bandref_w6,0.29382481773564595,20.04,1394
